,Research Engineer - Transport Modelling and Simulation,https://www.linkedin.com/jobs/view/3703454815/,"London, England, United Kingdom (Hybrid)"
,Underwriting Technician,https://www.linkedin.com/jobs/view/3741264415/,"City of London, England, United Kingdom (Hybrid)"
,SQL Database Administrator,https://www.linkedin.com/jobs/view/3641776581/,"London, England, United Kingdom (On-site)"
,ESG Analyst,https://www.linkedin.com/jobs/view/3736176771/,"London, England, United Kingdom (On-site)"
,Java Developer,https://www.linkedin.com/jobs/view/3733468344/,"Birmingham, England, United Kingdom (On-site)"
,"3D Character Artist ( Real Time Avatar Specialist) - £55,000 - Full Remote",https://www.linkedin.com/jobs/view/3736863837/,United Kingdom (Remote)
,Temp Highway Improvements Coordinator,https://www.linkedin.com/jobs/view/3728455923/,"West Bridgford, England, United Kingdom (Hybrid)"
,Retailer Event Consultant,https://www.linkedin.com/jobs/view/3717678111/,"Bedfordshire, England, United Kingdom (Hybrid)"
,Snowflake Data Engineer,https://www.linkedin.com/jobs/view/3735801675/,"Manchester, England, United Kingdom (Hybrid)"
,AWS Data Engineer_ Permanent - London/Hybrid(2 Days in Office),https://www.linkedin.com/jobs/view/3735234377/,"London, England, United Kingdom (Hybrid)"
,Teamcentre PLM Developer - Contract (Inside IR35),https://www.linkedin.com/jobs/view/3729088160/,United Kingdom (Remote)
,Site Reliability Engineer,https://www.linkedin.com/jobs/view/3739105026/,"Leeds, England, United Kingdom (Hybrid)"
,SAS Developer,https://www.linkedin.com/jobs/view/3736156080/,United Kingdom (Remote)
,Solution Architect – Devops/Cloud - London – Outside IR35,https://www.linkedin.com/jobs/view/3738565748/,"London, England, United Kingdom (Hybrid)"
,Telebusiness Associate,https://www.linkedin.com/jobs/view/3728806426/,"England, United Kingdom (Remote)"
,1st Line IT Support Engineer,https://www.linkedin.com/jobs/view/3741524190/,"Plymouth, England, United Kingdom (Hybrid)"
,Anti Social Behaviour Officer,https://www.linkedin.com/jobs/view/3629838464/,"Oxford, England, United Kingdom (On-site)"
,Vehicle Energy Management 1D (Project Engineer),https://www.linkedin.com/jobs/view/3721084515/,"Coventry, England, United Kingdom (On-site)"
,Machine Learning Engineer/Scientist - High Performance Computing,https://www.linkedin.com/jobs/view/3732140121/,"London Area, United Kingdom (On-site)"
,Cloud Engineer,https://www.linkedin.com/jobs/view/3729727567/,"England, United Kingdom (Remote)"
,Software Developer,https://www.linkedin.com/jobs/view/3727202408/,"East Sussex, England, United Kingdom"
,AWS Data Engineer,https://www.linkedin.com/jobs/view/3725239851/,"London, England, United Kingdom (Remote)"
,Software Engineer - Cambridge,https://www.linkedin.com/jobs/view/3741130170/,"Cambridge, England, United Kingdom (Hybrid)"
,Data Engineer,https://www.linkedin.com/jobs/view/3737975142/,"Newcastle upon Tyne, England, United Kingdom (On-site)"
,Software Engineer -Bioinformatics (FTC 18 months),https://www.linkedin.com/jobs/view/3722494567/,"Great Chesterford, England, United Kingdom (On-site)"
,Analytics Engineer,https://www.linkedin.com/jobs/view/3741923887/,"London, England, United Kingdom (On-site)"
,Python Engineer - Hybrid Working,https://www.linkedin.com/jobs/view/3736375714/,"London, England, United Kingdom (Hybrid)"
,Graduate Software Development Engineer,https://www.linkedin.com/jobs/view/3736778750/,"Belfast, Northern Ireland, United Kingdom (Hybrid)"
,Solution Engineer -French Speaking,https://www.linkedin.com/jobs/view/3713571752/,"London Area, United Kingdom (Hybrid)"
,Finance Data Analyst ,https://www.linkedin.com/jobs/view/3849128638/,"Shirebrook, England, United Kingdom (On-site)"
,Product Data Analyst (Experimentation) ,https://www.linkedin.com/jobs/view/3885501364/,"London, England, United Kingdom (Hybrid)"
,Data Analyst (Ecommerce),https://www.linkedin.com/jobs/view/3834477552/,"London, England, United Kingdom (Hybrid)"
,Digital Insight Analyst ,https://www.linkedin.com/jobs/view/3834465065/,"London, England, United Kingdom (Hybrid)"
,"Junior Research Scientist
Junior Research Scientist",https://www.linkedin.com/jobs/view/3917067999/,"Greater London, England, United Kingdom (Hybrid)"
,"Full Stack Software Developer
Full Stack Software Developer",https://www.linkedin.com/jobs/view/3912927381/,"Warwickshire, England, United Kingdom (Hybrid)"
,"Full Stack Software Engineer
Full Stack Software Engineer",https://www.linkedin.com/jobs/view/3888079379/,"Stoke-On-Trent, England, United Kingdom (Hybrid)"
,"Full Stack Engineer
Full Stack Engineer",https://www.linkedin.com/jobs/view/3884714290/,"London Area, United Kingdom (On-site)"
,"Software Engineer
Software Engineer",https://www.linkedin.com/jobs/view/3902645781/,"Greater Bristol Area, United Kingdom (On-site)"
