,Software Developer Prolog,https://www.linkedin.com/jobs/view/3803769809/,"Fareham, England, United Kingdom (On-site)"
,System Engineer,https://www.linkedin.com/jobs/view/3798321378/,"Portsmouth, England, United Kingdom (Hybrid)"
,Full Stack Engineer (SaaS),https://www.linkedin.com/jobs/view/3814299213/,"Scotland, United Kingdom (Remote)"
,Full Stack Engineer (Rust and React),https://www.linkedin.com/jobs/view/3821338590/,United Kingdom (Remote)
,Site Reliability Engineer ,https://www.linkedin.com/jobs/view/3747368092/,"London, England, United Kingdom (Hybrid)"
,Engineer/ Programmer (Games) - Speculative Application,https://www.linkedin.com/jobs/view/3741349881/,"Cambridge, England, United Kingdom (Remote)"
,Web and Systems Developer,https://www.linkedin.com/jobs/view/3828160092/,"Nottingham, England, United Kingdom (Hybrid)"
,Back End Software Engineer,https://www.linkedin.com/jobs/view/3815596087/,"Newport, Wales, United Kingdom (Remote)"
,ServiceNow Developer,https://www.linkedin.com/jobs/view/3834639711/,"Reading, England, United Kingdom (On-site)"
,Backend Developer (SFIA4),https://www.linkedin.com/jobs/view/3792415163/,"London, England, United Kingdom (On-site)"
,Backend Software Engineer - Mid Level,https://www.linkedin.com/jobs/view/3834992719/,"London, England, United Kingdom (Remote)"
,Software Engineer - UK or Germany,https://www.linkedin.com/jobs/view/3799254814/,United Kingdom (Remote)
,Data Analyst ,https://www.linkedin.com/jobs/view/3835480200/,United Kingdom (Remote)
,Delivery Recruitment - Quant Research & Trading - Milton Keynes,https://www.linkedin.com/jobs/view/3779690834/,"Milton Keynes, England, United Kingdom (On-site)"
,Digital and Technology Solutions - Degree Apprenticeship [Data Analyst] - Information and Digital Technology,https://www.linkedin.com/jobs/view/3823165008/,"London, England, United Kingdom (On-site)"
,Technical Data Analyst,https://www.linkedin.com/jobs/view/3826381301/,"City of London, England, United Kingdom (Hybrid)"
,Digital Analytics Associate Consultant ,https://www.linkedin.com/jobs/view/3811825489/,"London, England, United Kingdom (Hybrid)"
,Data Analyst ,https://www.linkedin.com/jobs/view/3806665620/,"London, England, United Kingdom (On-site)"
,Commercial and Data Analyst ,https://www.linkedin.com/jobs/view/3832999432/,"Farnham, England, United Kingdom (Hybrid)"
,Customer Data Analyst ,https://www.linkedin.com/jobs/view/3832999433/,"London, England, United Kingdom (Hybrid)"
,Data Analyst ,https://www.linkedin.com/jobs/view/3815762246/,"Middlesbrough, England, United Kingdom (Hybrid)"
,Quantitative Analyst,https://www.linkedin.com/jobs/view/3780397250/,"London, England, United Kingdom (Hybrid)"
,Data Analyst,https://www.linkedin.com/jobs/view/3797471773/,"London, England, United Kingdom (Hybrid)"
,Data Analyst,https://www.linkedin.com/jobs/view/3830022745/,"Chesterfield, England, United Kingdom (Hybrid)"
,Insights Analyst,https://www.linkedin.com/jobs/view/3734803746/,"London, England, United Kingdom (Hybrid)"
,"Data Analysis , Sales, Marketing & Advertising Intern Roles",https://www.linkedin.com/jobs/view/3834657957/,"London, England, United Kingdom (Hybrid)"
,Quantitative Researcher ,https://www.linkedin.com/jobs/view/3811010230/,"London, England, United Kingdom (On-site)"
,Data and Business Analysis Training Programme,https://www.linkedin.com/jobs/view/3822846419/,"London, England, United Kingdom (On-site)"
,Digital and Technology Solutions - Degree Apprenticeship [Data Analyst] - Trading and Supply,https://www.linkedin.com/jobs/view/3823166147/,"London, England, United Kingdom (On-site)"
,Graduate Data Analyst,https://www.linkedin.com/jobs/view/3814416407/,United Kingdom (Remote)
,Data Analyst ,https://www.linkedin.com/jobs/view/3829919395/,"London, England, United Kingdom (Hybrid)"
,Junior Data Analyst,https://www.linkedin.com/jobs/view/3815770382/,"London, England, United Kingdom (On-site)"
,Full-Stack Data Analyst,https://www.linkedin.com/jobs/view/3774973994/,"London, England, United Kingdom (On-site)"
,"Software Engineer, Edge Services ",https://www.linkedin.com/jobs/view/3879884009/,"London, England, United Kingdom (Hybrid)"
,Full Stack Engineer (Rust and React),https://www.linkedin.com/jobs/view/3821338590/,"Newcastle Upon Tyne, England, United Kingdom (On-site)"
,Full Stack Software Engineer ,https://www.linkedin.com/jobs/view/3862544660/,"London, England, United Kingdom (On-site)"
,Data Analyst (Ecommerce),https://www.linkedin.com/jobs/view/3834477552/,"London, England, United Kingdom (Hybrid)"
,Digital Insight Analyst ,https://www.linkedin.com/jobs/view/3834465065/,"London, England, United Kingdom (Hybrid)"
,Category data analyst,https://www.linkedin.com/jobs/view/3883749377/,"Reading, England, United Kingdom (Hybrid)"
,Statistician/Operational Risk Data Analyst,https://www.linkedin.com/jobs/view/3895047154/,"London, England, United Kingdom (Hybrid)"
,Quantitative Researcher,https://www.linkedin.com/jobs/view/3590345011/,"London, England, United Kingdom (On-site)"
,Data Engineer,https://www.linkedin.com/jobs/view/3891652782/,"London, England, United Kingdom (Hybrid)"
,Data Scientist - Marketing,https://www.linkedin.com/jobs/view/3817450141/,"Sheffield, England, United Kingdom (Hybrid)"
,"Software Engineer
Software Engineer",https://www.linkedin.com/jobs/view/3899064662/,"Cambridge, England, United Kingdom (Hybrid)"
,"Machine Learning Engineer 
Machine Learning Engineer with verification",https://www.linkedin.com/jobs/view/3909187953/,"London Area, United Kingdom (On-site)"
,"Android Developer
Android Developer",https://www.linkedin.com/jobs/view/3910057893/,"Greater London, England, United Kingdom (Hybrid)"
,"Software Engineer
Software Engineer",https://www.linkedin.com/jobs/view/3918506086/,"Manchester Area, United Kingdom (Hybrid)"
