,Experienced claims handler,https://www.linkedin.com/jobs/view/3632063327/,"Norwich, England, United Kingdom"
,Software Engineer C++ 1st class ComSci graduate with 2-4 years experience (Hybrid) - HPC team,https://www.linkedin.com/jobs/view/3659484714/,"London, England, United Kingdom (Hybrid)"
,Graduate Tech Consultant - 3D Printing SaaS - Fast Growing Venture,https://www.linkedin.com/jobs/view/3666254124/,"London, England, United Kingdom (On-site)"
,Technical Business Analyst,https://www.linkedin.com/jobs/view/3642853891/,"Birmingham, England, United Kingdom (Hybrid)"
,"Embedded Software Engineer (Milton Keynes, UK)",https://www.linkedin.com/jobs/view/3660990736/,"Milton Keynes, England, United Kingdom (On-site)"
,Deep Learning Engineer,https://www.linkedin.com/jobs/view/3660027451/,"Edinburgh, Scotland, United Kingdom (On-site)"
,Data Analyst,https://www.linkedin.com/jobs/view/3645286876/,"Manchester, England, United Kingdom (On-site)"
,Data Analyst,https://www.linkedin.com/jobs/view/3665877511/,"Birmingham, England, United Kingdom (Hybrid)"
,Software Engineer (Web Technologies),https://www.linkedin.com/jobs/view/3648804942/,"Middlesbrough, England, United Kingdom (On-site)"
,PHP Software Engineer,https://www.linkedin.com/jobs/view/3613022242/,"Manchester, England, United Kingdom (On-site)"
,Software Systems Engineer,https://www.linkedin.com/jobs/view/3632563293/,"Bristol, England, United Kingdom (Hybrid)"
,PHP Software Engineer,https://www.linkedin.com/jobs/view/3613022242/,"Manchester, England, United Kingdom (On-site)"
,Graduate Software Engineer,https://www.linkedin.com/jobs/view/3419049345/,"London, England, United Kingdom (Hybrid)"
,Software Engineer,https://www.linkedin.com/jobs/view/3659193370/,"London, England, United Kingdom (Remote)"
,Software Engineer,https://www.linkedin.com/jobs/view/3661695280/,United Kingdom (Remote)
,Software Engineer Back End,https://www.linkedin.com/jobs/view/3383066917/,"London, England, United Kingdom"
,Software Systems Engineer,https://www.linkedin.com/jobs/view/3632563293/,"Bristol, England, United Kingdom (Hybrid)"
,PHP Software Engineer,https://www.linkedin.com/jobs/view/3613022242/,"Manchester, England, United Kingdom (On-site)"
,Front End Developer,https://www.linkedin.com/jobs/view/3639471765/,United Kingdom (Remote)
,Security Engineer,https://www.linkedin.com/jobs/view/3663514445/,"Hemel Hempstead, England, United Kingdom (Hybrid)"
,Frontend Developer,https://www.linkedin.com/jobs/view/3663812007/,"Birmingham, England, United Kingdom (Remote)"
,Full Stack Engineer,https://www.linkedin.com/jobs/view/3646119621/,"London, England, United Kingdom (Remote)"
,Platform Engineer - Azure,https://www.linkedin.com/jobs/view/3366729692/,"Exeter, England, United Kingdom (Hybrid)"
,Software Developer In Test (maternity cover),https://www.linkedin.com/jobs/view/3601896420/,"London, England, United Kingdom (Hybrid)"
,Process Engineer (Fluid Systems),https://www.linkedin.com/jobs/view/3628587794/,"Bristol, England, United Kingdom (Hybrid)"
,Panel Specialist,https://www.linkedin.com/jobs/view/3645800268/,"London, England, United Kingdom (Hybrid)"
,D365 Technical Lead,https://www.linkedin.com/jobs/view/3624238828/,United Kingdom (Remote)
,Infrastructure Support Engineer – Windows,https://www.linkedin.com/jobs/view/3665871065/,"Newquay, England, United Kingdom (Hybrid)"
,Software Engineer,https://www.linkedin.com/jobs/view/3654126790/,"Edinburgh, Scotland, United Kingdom (Hybrid)"
,Graduate C# Developer,https://www.linkedin.com/jobs/view/3558146624/,"Folkestone, England, United Kingdom (Hybrid)"
,Web Developer,https://www.linkedin.com/jobs/view/3665625082/,"Edinburgh, Scotland, United Kingdom (Hybrid)"
,Full Stack Engineer,https://www.linkedin.com/jobs/view/3660643260/,"Glasgow, Scotland, United Kingdom (Hybrid)"
,iOS Developer,https://www.linkedin.com/jobs/view/3645265739/,"London, England, United Kingdom (Hybrid)"
,Full Stack Developer,https://www.linkedin.com/jobs/view/3654893060/,"Manchester, England, United Kingdom (On-site)"
,Software Engineer,https://www.linkedin.com/jobs/view/3667727643/,"Manchester, England, United Kingdom (On-site)"
,Junior Full Stack Developer,https://www.linkedin.com/jobs/view/3664589265/,"Stowting, England, United Kingdom (Hybrid)"
,Security Engineer,https://www.linkedin.com/jobs/view/3408918707/,"London, England, United Kingdom (Hybrid)"
,React Developer,https://www.linkedin.com/jobs/view/3659037418/,"Alderley Edge, England, United Kingdom (On-site)"
,Web Developer,https://www.linkedin.com/jobs/view/3646932341/,"Milton Keynes, England, United Kingdom (On-site)"
,Quality Engineer,https://www.linkedin.com/jobs/view/3665178994/,"Mountain Ash, Wales, United Kingdom (On-site)"
,Technical Production & Event Engineer - 6 month FTC,https://www.linkedin.com/jobs/view/3661951015/,"London, England, United Kingdom (On-site)"
,Full Stack Software Engineer,https://www.linkedin.com/jobs/view/3641806246/,"Warrington, England, United Kingdom (Hybrid)"
,Full Stack Engineer,https://www.linkedin.com/jobs/view/3662718748/,"London, England, United Kingdom (Hybrid)"
,Back-end Engineer (London),https://www.linkedin.com/jobs/view/3662070544/,"London, England, United Kingdom"
,Investment Bank - Java Algo Developer,https://www.linkedin.com/jobs/view/3647917330/,"City of London, England, United Kingdom (Hybrid)"
,Full Stack Engineer,https://www.linkedin.com/jobs/view/3652456643/,"London, England, United Kingdom (Hybrid)"
,Full Stack Developer,https://www.linkedin.com/jobs/view/3654893060/,"Manchester, England, United Kingdom (On-site)"
,Java/Scala Developer,https://www.linkedin.com/jobs/view/3657489026/,"England, United Kingdom"
,Full Stack Developer,https://www.linkedin.com/jobs/view/3656721237/,"London, England, United Kingdom (Hybrid)"
,Web Developer,https://www.linkedin.com/jobs/view/3646932341/,"Milton Keynes, England, United Kingdom (On-site)"
,Full Stack Engineer,https://www.linkedin.com/jobs/view/3635408321/,"London, England, United Kingdom (Hybrid)"
,Oracle Database Engineer,https://www.linkedin.com/jobs/view/3666709311/,"Glasgow, Scotland, United Kingdom (Hybrid)"
,Data Engineer,https://www.linkedin.com/jobs/view/3619692984/,"London, England, United Kingdom (On-site)"
,Game Programmer,https://www.linkedin.com/jobs/view/3636254830/,"Sheffield, England, United Kingdom (Hybrid)"
,Ruby on Rails Developer,https://www.linkedin.com/jobs/view/3660126480/,United Kingdom (Remote)
,Software Engineer,https://www.linkedin.com/jobs/view/3660691529/,"Greater Manchester, England, United Kingdom (Hybrid)"
,Cloud Engineer,https://www.linkedin.com/jobs/view/3648769894/,"Cardiff, Wales, United Kingdom (Hybrid)"
,Software Engineer,https://www.linkedin.com/jobs/view/3667258517/,"Coventry, England, United Kingdom (Hybrid)"
,Junior Python Developer,https://www.linkedin.com/jobs/view/3644193445/,"London, England, United Kingdom (Hybrid)"
,Software Engineer in Test,https://www.linkedin.com/jobs/view/3642956119/,"Leeds, England, United Kingdom"
,Software Engineer,https://www.linkedin.com/jobs/view/3663213440/,"England, United Kingdom (Remote)"
,Software Engineer,https://www.linkedin.com/jobs/view/3669996515/,"Cheltenham, England, United Kingdom (Hybrid)"
,Software Engineer,https://www.linkedin.com/jobs/view/3667269033/,"England, United Kingdom (Remote)"
,Junior Software Developer,https://www.linkedin.com/jobs/view/3648451049/,"Bristol, England, United Kingdom (Hybrid)"
,Full Stack Engineer,https://www.linkedin.com/jobs/view/3688283334/,"Poole, England, United Kingdom (Hybrid)"
,"Software Developer, Delphi",https://www.linkedin.com/jobs/view/3677769763/,"England, United Kingdom (Hybrid)"
,"Junior Python/ C++ Software Engineer - Up to £100,000 + Bonus + Package",https://www.linkedin.com/jobs/view/3686134354/,"London Area, United Kingdom (Hybrid)"
,Full Stack Developer,https://www.linkedin.com/jobs/view/3674304819/,"Manchester, England, United Kingdom (On-site)"
,Embedded Software Engineer,https://www.linkedin.com/jobs/view/3672386473/,"Filton, England, United Kingdom (On-site)"
,Middleweight Web Developer,https://www.linkedin.com/jobs/view/3681722751/,United Kingdom (Remote)
,Full Stack Engineer,https://www.linkedin.com/jobs/view/3667766321/,"Richmond, England, United Kingdom (Hybrid)"
,Software Engineer,https://www.linkedin.com/jobs/view/3680987650/,"Bolton, England, United Kingdom (On-site)"
,Full Stack Developer,https://www.linkedin.com/jobs/view/3687741271/,United Kingdom (Remote)
,Software Engineer,https://www.linkedin.com/jobs/view/3667269033/,"England, United Kingdom (Remote)"
,Full Stack Developer,https://www.linkedin.com/jobs/view/3687746353/,"Manchester, England, United Kingdom (Hybrid)"
,Software Engineer,https://www.linkedin.com/jobs/view/3660691529/,"Greater Manchester, England, United Kingdom (Hybrid)"
,Full Stack Engineer,https://www.linkedin.com/jobs/view/3670887400/,United Kingdom (Remote)
,Full stack JavaScript/TypeScript developer,https://www.linkedin.com/jobs/view/2849953444/,"Newport, Wales, United Kingdom (Hybrid)"
,Cloud Team Software Developer,https://www.linkedin.com/jobs/view/3680123694/,"Leatherhead, England, United Kingdom (Hybrid)"
,Back-end Engineer (London),https://www.linkedin.com/jobs/view/3662070544/,"London, England, United Kingdom"
,Full Stack Engineer,https://www.linkedin.com/jobs/view/3679106227/,United Kingdom (Remote)
,Web Developer,https://www.linkedin.com/jobs/view/3687823343/,"Aberdeen, Scotland, United Kingdom (Hybrid)"
,Software Engineer,https://www.linkedin.com/jobs/view/3680675471/,"Oxford, England, United Kingdom (Hybrid)"
,Software Engineer,https://www.linkedin.com/jobs/view/3682817555/,"London, England, United Kingdom (Remote)"
,Wordpress Developer,https://www.linkedin.com/jobs/view/3666478378/,"Strand, England, United Kingdom (Hybrid)"
,Backend Engineer,https://www.linkedin.com/jobs/view/3605441640/,"London, England, United Kingdom (On-site)"
,Software Engineer Turned DevOps Engineer,https://www.linkedin.com/jobs/view/3715808686/,United Kingdom (Remote)
,Blockchain Developer - GoLang (Cosmos SDK),https://www.linkedin.com/jobs/view/3712198959/,United Kingdom (Remote)
,Blockchain Developer - GoLang (Cosmos SDK),https://www.linkedin.com/jobs/view/3712198959/,United Kingdom (Remote)
,Client Integration Front End Developer,https://www.linkedin.com/jobs/view/3714373000/,United Kingdom (Remote)
,Java Developer,https://www.linkedin.com/jobs/view/3717663853/,"Oxfordshire, England, United Kingdom (Remote)"
,DevOps Engineer - AWS,https://www.linkedin.com/jobs/view/3366733084/,"Exeter, England, United Kingdom (Hybrid)"
,Full Stack Engineer - Direct Hire,https://www.linkedin.com/jobs/view/3719651102/,"Manchester, England, United Kingdom (Remote)"
,Software Engineer - Part Time,https://www.linkedin.com/jobs/view/3690614158/,"Manchester, England, United Kingdom"
,"Solutions Engineer, Pre-Sales",https://www.linkedin.com/jobs/view/3651275326/,"London, England, United Kingdom (Hybrid)"
,Software Engineer -Bioinformatics (FTC 18 months),https://www.linkedin.com/jobs/view/3722494567/,"Great Chesterford, England, United Kingdom (On-site)"
,Python Developer - Support,https://www.linkedin.com/jobs/view/3720921700/,"London, England, United Kingdom (On-site)"
,Full Stack Software Developer - UI Centric,https://www.linkedin.com/jobs/view/3723742840/,"London, England, United Kingdom (Hybrid)"
,"React JS Developer - Upto £45,000 - Onsite - No Visa Sponsorship",https://www.linkedin.com/jobs/view/3727286694/,"Southampton, England, United Kingdom (On-site)"
,Junior/Mid Front-End Developer at Eidgensi,https://www.linkedin.com/jobs/view/3729510129/,"London, England, United Kingdom (Hybrid)"
,Frontend Developer,https://www.linkedin.com/jobs/view/3723389760/,"Bristol, England, United Kingdom (On-site)"
,Software Developer In Test,https://www.linkedin.com/jobs/view/3674424195/,"London, England, United Kingdom (Hybrid)"
,Front-End Engineer,https://www.linkedin.com/jobs/view/3679897808/,"London, England, United Kingdom (Hybrid)"
,Platform Engineer - London,https://www.linkedin.com/jobs/view/3727522418/,"City of London, England, United Kingdom (On-site)"
,Solutions Engineer,https://www.linkedin.com/jobs/view/3723996183/,"London, England, United Kingdom (Remote)"
,Drupal Developer,https://www.linkedin.com/jobs/view/3723697075/,"London, England, United Kingdom (Remote)"
,SC Front End Developer (React) OUTSIDE IR35 FULLY REMOTE,https://www.linkedin.com/jobs/view/3728777330/,"Cardiff, Wales, United Kingdom (Remote)"
,Junior PHP Developer,https://www.linkedin.com/jobs/view/3719639801/,"Vauxhall, England, United Kingdom (Hybrid)"
,Data Scientist,https://www.linkedin.com/jobs/view/3692161534/,"London, England, United Kingdom (Hybrid)"
,Data Engineer,https://www.linkedin.com/jobs/view/3730258460/,"Solihull, England, United Kingdom"
,Data Engineer,https://www.linkedin.com/jobs/view/3700228371/,"Birmingham, England, United Kingdom (On-site)"
,Full Stack Engineer,https://www.linkedin.com/jobs/view/3715498958/,"England, United Kingdom (Remote)"
,Machine Learning Engineer/Scientist - High Performance Computing,https://www.linkedin.com/jobs/view/3732140121/,"London Area, United Kingdom (On-site)"
,Data Engineer,https://www.linkedin.com/jobs/view/3700228371/,"Birmingham, England, United Kingdom (On-site)"
,Junior Technical Analyst,https://www.linkedin.com/jobs/view/3720320866/,"Shirebrook, England, United Kingdom (On-site)"
,Python Developer,https://www.linkedin.com/jobs/view/3729800001/,"London, England, United Kingdom (On-site)"
,Junior Statistician,https://www.linkedin.com/jobs/view/3730359804/,"Wallingford, England, United Kingdom (On-site)"
,Conversation Designer (UK - 6 month FTC),https://www.linkedin.com/jobs/view/3731775770/,"London, England, United Kingdom (Hybrid)"
,Machine Learning Engineer/Scientist - High Performance Computing,https://www.linkedin.com/jobs/view/3732140121/,"London Area, United Kingdom (On-site)"
,Junior IT analyst - Warehouse,https://www.linkedin.com/jobs/view/3704867687/,"Shirebrook, England, United Kingdom (On-site)"
,Data Engineer,https://www.linkedin.com/jobs/view/3720003237/,"London, England, United Kingdom (On-site)"
,Research Assistant,https://www.linkedin.com/jobs/view/3719070366/,"Edinburgh City, Scotland, United Kingdom (Hybrid)"
,Java Developer,https://www.linkedin.com/jobs/view/3733468344/,"Birmingham, England, United Kingdom (On-site)"
,SQL Database Administrator,https://www.linkedin.com/jobs/view/3641776581/,"London, England, United Kingdom (On-site)"
,ESG Analyst,https://www.linkedin.com/jobs/view/3736176771/,"London, England, United Kingdom (On-site)"
,C++/ROS Robotics software developer,https://www.linkedin.com/jobs/view/3722209504/,"Farnham, England, United Kingdom (On-site)"
,Technical Game Designer (Mobile Games),https://www.linkedin.com/jobs/view/3719456858/,"England, United Kingdom (Remote)"
,Technical Game Designer (Mobile Games),https://www.linkedin.com/jobs/view/3719456858/,"England, United Kingdom (Remote)"
,Deskside Support Engineer,https://www.linkedin.com/jobs/view/3741092165/,"London Area, United Kingdom (On-site)"
,"Trainee Merchandiser, Wholesale & Franchise",https://www.linkedin.com/jobs/view/3731593223/,"London, England, United Kingdom (Hybrid)"
,Software Developer,https://www.linkedin.com/jobs/view/3747361230/,"Cheltenham, England, United Kingdom (Hybrid)"
,Salesforce Developer,https://www.linkedin.com/jobs/view/3735095346/,"London, England, United Kingdom (Hybrid)"
,Salesforce Developer,https://www.linkedin.com/jobs/view/3735095346/,"London, England, United Kingdom (Hybrid)"
,Salesforce Developer,https://www.linkedin.com/jobs/view/3735089988/,"Bath, England, United Kingdom (Hybrid)"
,Software Engineer,https://www.linkedin.com/jobs/view/3763599567/,"Cardiff, Wales, United Kingdom (Hybrid)"
,Software Engineer I,https://www.linkedin.com/jobs/view/3764318507/,"Newcastle-upon-Tyne, England, United Kingdom (Hybrid)"
,Azure Data Engineer- Permanent - London-Hybrid,https://www.linkedin.com/jobs/view/3757361595/,"London, England, United Kingdom (Hybrid)"
,Software Developer,https://www.linkedin.com/jobs/view/3747361230/,"Cheltenham, England, United Kingdom (Hybrid)"
,Senior Wordpress / PHP / Laravel Developer,https://www.linkedin.com/jobs/view/3770427071/,"Bordon, England, United Kingdom (Remote)"
,IT Engineer,https://www.linkedin.com/jobs/view/3751255851/,"Cambridge, England, United Kingdom (On-site)"
,Level Designer,https://www.linkedin.com/jobs/view/3771555408/,United Kingdom (Remote)
,Engineer/ Programmer- Speculative Application,https://www.linkedin.com/jobs/view/3741349881/,"Cambridge, England, United Kingdom (Remote)"
,Site Reliability Engineer,https://www.linkedin.com/jobs/view/3747368092/,"London, England, United Kingdom (Hybrid)"
,Software Engineer (ORACLE),https://www.linkedin.com/jobs/view/3763598821/,"London, England, United Kingdom (Hybrid)"
,Salesforce Developer,https://www.linkedin.com/jobs/view/3735089988/,"Bath, England, United Kingdom (Hybrid)"
,Angular Developer - UK Remote,https://www.linkedin.com/jobs/view/3729528086/,United Kingdom (Remote)
,Salesforce Developer,https://www.linkedin.com/jobs/view/3735093590/,"Cardiff, Wales, United Kingdom (Hybrid)"
,Salesforce Developer,https://www.linkedin.com/jobs/view/3735095346/,"London, England, United Kingdom (Hybrid)"
,Software Engineer (ORACLE),https://www.linkedin.com/jobs/view/3763598821/,"London, England, United Kingdom (Hybrid)"
,Site Reliability Engineer,https://www.linkedin.com/jobs/view/3747368092/,"London, England, United Kingdom (Hybrid)"
,Software Test Engineer,https://www.linkedin.com/jobs/view/3752495349/,"Manchester, England, United Kingdom (Hybrid)"
,Frontend Developer,https://www.linkedin.com/jobs/view/3736789874/,"Birmingham, England, United Kingdom (Remote)"
,Software Developer,https://www.linkedin.com/jobs/view/3747361230/,"Cheltenham, England, United Kingdom (Hybrid)"
,Salesforce Developer,https://www.linkedin.com/jobs/view/3735089988/,"Bath, England, United Kingdom (Hybrid)"
,Salesforce Developer,https://www.linkedin.com/jobs/view/3735095346/,"London, England, United Kingdom (Hybrid)"
,Salesforce Developer,https://www.linkedin.com/jobs/view/3735093590/,"Cardiff, Wales, United Kingdom (Hybrid)"
,End User Computer Engineer - Fleet,https://www.linkedin.com/jobs/view/3766657648/,"Fleet, England, United Kingdom (Hybrid)"
,Systems Engineer,https://www.linkedin.com/jobs/view/3775973007/,"Edinburgh, Scotland, United Kingdom (On-site)"
,Solutions Engineer,https://www.linkedin.com/jobs/view/3774848738/,"Maidenhead, England, United Kingdom (Hybrid)"
,DevOps Engineer - Azure,https://www.linkedin.com/jobs/view/3366732349/,"Exeter, England, United Kingdom (Hybrid)"
,Software Developer Prolog,https://www.linkedin.com/jobs/view/3803769809/,"Fareham, England, United Kingdom (On-site)"
,Backend Engineer,https://www.linkedin.com/jobs/view/3806737231/,"Cambridge, England, United Kingdom (Hybrid)"
,Web Developer,https://www.linkedin.com/jobs/view/3801256361/,"Glasgow City, Scotland, United Kingdom (Hybrid)"
,Backend Engineer,https://www.linkedin.com/jobs/view/3806737231/,"Cambridge, England, United Kingdom (Hybrid)"
,Full Stack Engineer,https://www.linkedin.com/jobs/view/3791624399/,Greater Leeds Area (Hybrid)
,Web Developer,https://www.linkedin.com/jobs/view/3800669928/,"City of London, England, United Kingdom (Hybrid)"
,Web Developer,https://www.linkedin.com/jobs/view/3801464224/,"Edinburgh, Scotland, United Kingdom (Hybrid)"
,Frontend Engineer,https://www.linkedin.com/jobs/view/3807008235/,"London, England, United Kingdom (On-site)"
,Frontend Web Developer,https://www.linkedin.com/jobs/view/3807592743/,United Kingdom (Remote)
,Web Developer,https://www.linkedin.com/jobs/view/3783664466/,"West End, England, United Kingdom (Hybrid)"
,Full Stack Engineer,https://www.linkedin.com/jobs/view/3807702594/,"England, United Kingdom (Remote)"
,IT Engineer,https://www.linkedin.com/jobs/view/3804135868/,"Omagh, Northern Ireland, United Kingdom (Hybrid)"
,Frontend Developer,https://www.linkedin.com/jobs/view/3807775261/,"London, England, United Kingdom (Hybrid)"
,C++ Software Engineer,https://www.linkedin.com/jobs/view/3807295072/,"Manchester, England, United Kingdom (Hybrid)"
,Software Developer,https://www.linkedin.com/jobs/view/3797606059/,"Malvern, England, United Kingdom (Hybrid)"
,AI Software Developer,https://www.linkedin.com/jobs/view/3796387054/,"Bracknell, England, United Kingdom (Hybrid)"
,Software Developer,https://www.linkedin.com/jobs/view/3794682701/,"City of London, England, United Kingdom (Hybrid)"
,Software Developer,https://www.linkedin.com/jobs/view/3804106710/,"City of London, England, United Kingdom (Hybrid)"
,Salesforce HTML Developer,https://www.linkedin.com/jobs/view/3802295036/,"London, England, United Kingdom (Hybrid)"
,Software Engineer,https://www.linkedin.com/jobs/view/3801249976/,"London, England, United Kingdom (Hybrid)"
,Wordpress Developer,https://www.linkedin.com/jobs/view/3800675251/,"London, England, United Kingdom"
,Frontend Developer,https://www.linkedin.com/jobs/view/3798546910/,"Birmingham, England, United Kingdom (On-site)"
,C++ Software Engineer,https://www.linkedin.com/jobs/view/3807580692/,"London, England, United Kingdom (Hybrid)"
,Shopify App Developer,https://www.linkedin.com/jobs/view/3800765141/,"London, England, United Kingdom (Hybrid)"
,Full-Stack Developer,https://www.linkedin.com/jobs/view/3799466417/,"London, England, United Kingdom (Hybrid)"
,Software Developer,https://www.linkedin.com/jobs/view/3804259890/,"Sheffield, England, United Kingdom (Remote)"
,Machine Learning Engineer,https://www.linkedin.com/jobs/view/3789406465/,"Manchester, England, United Kingdom"
,Software Engineer,https://www.linkedin.com/jobs/view/3799951326/,"Brighton, England, United Kingdom (Hybrid)"
,Back End Developer,https://www.linkedin.com/jobs/view/3807777915/,"London, England, United Kingdom (Hybrid)"
,Software Engineer,https://www.linkedin.com/jobs/view/3808284526/,"Hertfordshire, England, United Kingdom (Hybrid)"
,IoT & WiFi Engineer,https://www.linkedin.com/jobs/view/3796927213/,"London, England, United Kingdom (On-site)"
,"Software Engineer (Cloud, Python)",https://www.linkedin.com/jobs/view/3805023813/,"London, England, United Kingdom (Hybrid)"
,Engineer/ Programmer (Games) - Speculative Application,https://www.linkedin.com/jobs/view/3741349881/,"Cambridge, England, United Kingdom (Remote)"
,Programmer (Unreal Engine) 2024,https://www.linkedin.com/jobs/view/3796862596/,"Middlesbrough, England, United Kingdom"
,Front End Developer,https://www.linkedin.com/jobs/view/3803007983/,United Kingdom (Remote)
,Software Engineer II,https://www.linkedin.com/jobs/view/3815891171/,"Glasgow, Scotland, United Kingdom"
,Software Engineer (Rust) ,https://www.linkedin.com/jobs/view/3838662076/,"London, England, United Kingdom"
