,Deep Learning Engineer,https://www.linkedin.com/jobs/view/3660027451/,"Edinburgh, Scotland, United Kingdom (On-site)"
,Data Analyst,https://www.linkedin.com/jobs/view/3645286876/,"Manchester, England, United Kingdom (On-site)"
,Platform Engineer - AWS,https://www.linkedin.com/jobs/view/3366729539/,"Exeter, England, United Kingdom (Hybrid)"
,Data Engineer - UK or Europe (Remote),https://www.linkedin.com/jobs/view/3638605686/,"London, England, United Kingdom (Remote)"
,Data Developer,https://www.linkedin.com/jobs/view/3635240239/,"Maidstone, England, United Kingdom (Remote)"
,Full Stack Developer,https://www.linkedin.com/jobs/view/3656980682/,"London, England, United Kingdom (Remote)"
,"Online Course Instructor - Analytics & Data Science (Part-Time, Contract)",https://www.linkedin.com/jobs/view/3641747681/,"London, England, United Kingdom (Remote)"
,Neonatal Operational Specialist,https://www.linkedin.com/jobs/view/3651806659/,United Kingdom (Remote)
,Security Usability with Software Development,https://www.linkedin.com/jobs/view/3660910632/,United Kingdom (Remote)
,Application Developer,https://www.linkedin.com/jobs/view/3665943043/,"Caerphilly, Wales, United Kingdom (Hybrid)"
,Deep Learning Engineer,https://www.linkedin.com/jobs/view/3660027451/,"Edinburgh, Scotland, United Kingdom (On-site)"
,Data Analyst,https://www.linkedin.com/jobs/view/3645286876/,"Manchester, England, United Kingdom (On-site)"
,Backend Python Developer,https://www.linkedin.com/jobs/view/3665895236/,"London, England, United Kingdom (On-site)"
,Technical Program Manager,https://www.linkedin.com/jobs/view/3662727943/,United Kingdom (Remote)
,DevOps Consultant,https://www.linkedin.com/jobs/view/3665956135/,United Kingdom (Remote)
,Enterprise Cyber Security Software Sales - UK Area,https://www.linkedin.com/jobs/view/3617075565/,United Kingdom (Remote)
,Data Engineer,https://www.linkedin.com/jobs/view/3661733998/,"Manchester, England, United Kingdom (Remote)"
,Data Analyst,https://www.linkedin.com/jobs/view/3654867864/,United Kingdom (Remote)
,Software Engineer,https://www.linkedin.com/jobs/view/3661695280/,United Kingdom (Remote)
,Data Analyst,https://www.linkedin.com/jobs/view/3661416223/,"London, England, United Kingdom (Remote)"
,Data Developer,https://www.linkedin.com/jobs/view/3635240239/,"Maidstone, England, United Kingdom (Remote)"
,Neonatal Operational Specialist,https://www.linkedin.com/jobs/view/3651806659/,United Kingdom (Remote)
,Deep Learning Engineer,https://www.linkedin.com/jobs/view/3660027451/,"Edinburgh, Scotland, United Kingdom (On-site)"
,Data Analyst,https://www.linkedin.com/jobs/view/3645286876/,"Manchester, England, United Kingdom (On-site)"
,Entry level Dictionary Analyst,https://www.linkedin.com/jobs/view/3639726354/,"Stockport, England, United Kingdom (Hybrid)"
,Data Platform Engineer,https://www.linkedin.com/jobs/view/3665418232/,"Hemel Hempstead, England, United Kingdom (Hybrid)"
,Backend Python Developer,https://www.linkedin.com/jobs/view/3665895236/,"London, England, United Kingdom (On-site)"
,Front-end Developer,https://www.linkedin.com/jobs/view/3617652849/,"Manchester, England, United Kingdom (On-site)"
,Data Scientist,https://www.linkedin.com/jobs/view/3609156271/,United Kingdom (Remote)
,Front End Developer,https://www.linkedin.com/jobs/view/3639471765/,United Kingdom (Remote)
,Enforcement & Reporting Lead,https://www.linkedin.com/jobs/view/3659387286/,"London, England, United Kingdom (Remote)"
,Frontend Developer,https://www.linkedin.com/jobs/view/3663812007/,"Birmingham, England, United Kingdom (Remote)"
