,Software Engineer (Matlab/Simulink),https://www.linkedin.com/jobs/view/3823496630/,"Lutterworth, England, United Kingdom (Hybrid)"
,Embedded Software Engineer,https://www.linkedin.com/jobs/view/3817543079/,"Birmingham, England, United Kingdom (On-site)"
,Graduate OR mid-level Embedded Software Engineer,https://www.linkedin.com/jobs/view/3823252844/,"Derbyshire, England, United Kingdom (On-site)"
,Software Developer Prolog,https://www.linkedin.com/jobs/view/3803769809/,"Fareham, England, United Kingdom (On-site)"
,Backend Javascript Developer,https://www.linkedin.com/jobs/view/3831044474/,"Glasgow City, Scotland, United Kingdom (Remote)"
,Scala Developer,https://www.linkedin.com/jobs/view/3815235908/,"England, United Kingdom (Remote)"
,Craft CMS Developer,https://www.linkedin.com/jobs/view/3792146961/,"Nottingham, England, United Kingdom (Hybrid)"
,Electronic Software Design Engineer (All Levels),https://www.linkedin.com/jobs/view/3826049950/,"Cookstown, Northern Ireland, United Kingdom (On-site)"
,Junior Embedded Software Engineer,https://www.linkedin.com/jobs/view/3833762215/,"Dunfermline, Scotland, United Kingdom (On-site)"
,Cloud Software Engineer,https://www.linkedin.com/jobs/view/3823491212/,"Bristol, England, United Kingdom (Hybrid)"
,Web Developer,https://www.linkedin.com/jobs/view/3817042672/,"Cardiff, Wales, United Kingdom (Hybrid)"
,Full Stack Developer,https://www.linkedin.com/jobs/view/3786541844/,"Sheffield, England, United Kingdom (Hybrid)"
,Software Engineer,https://www.linkedin.com/jobs/view/3821063398/,"Poole, England, United Kingdom (On-site)"
,Systems and Site Engineer,https://www.linkedin.com/jobs/view/3748421192/,"Derby, England, United Kingdom (Hybrid)"
,Software Engineer,https://www.linkedin.com/jobs/view/3815237562/,"Oxfordshire, England, United Kingdom (On-site)"
,Full Stack Developer,https://www.linkedin.com/jobs/view/3601738248/,"London, England, United Kingdom (Hybrid)"
,Full Stack Developer,https://www.linkedin.com/jobs/view/3812733512/,"Edinburgh, Scotland, United Kingdom (On-site)"
,Embedded Engineer,https://www.linkedin.com/jobs/view/3825262281/,"Puttenham, England, United Kingdom (On-site)"
,Software Developer,https://www.linkedin.com/jobs/view/3822288134/,"London, England, United Kingdom (On-site)"
,System Engineer,https://www.linkedin.com/jobs/view/3798321378/,"Portsmouth, England, United Kingdom (Hybrid)"
,Full Stack Engineer,https://www.linkedin.com/jobs/view/3817198927/,"London Area, United Kingdom (Hybrid)"
,Software Developer,https://www.linkedin.com/jobs/view/3821059436/,"East Sussex, England, United Kingdom (On-site)"
,"Software Engineer, STV Player ",https://www.linkedin.com/jobs/view/3824549789/,"Glasgow, Scotland, United Kingdom (Hybrid)"
,Junior Software Developer,https://www.linkedin.com/jobs/view/3731392393/,"Bristol, England, United Kingdom (On-site)"
,Embedded Software Engineer,https://www.linkedin.com/jobs/view/3824995773/,"Malton, England, United Kingdom (Hybrid)"
,"Software Engineer, STV Player ",https://www.linkedin.com/jobs/view/3824549789/,"Glasgow, Scotland, United Kingdom (Hybrid)"
,Software Engineer,https://www.linkedin.com/jobs/view/3815237562/,"Oxfordshire, England, United Kingdom (On-site)"
,Embedded Software Engineer,https://www.linkedin.com/jobs/view/3825929495/,"Bristol, England, United Kingdom (Hybrid)"
,Software Engineer,https://www.linkedin.com/jobs/view/3821063398/,"Poole, England, United Kingdom (On-site)"
,Full Stack Engineer (SaaS),https://www.linkedin.com/jobs/view/3814299213/,"Scotland, United Kingdom (Remote)"
,Full Stack Engineer,https://www.linkedin.com/jobs/view/3802760162/,"Leicester, England, United Kingdom (Hybrid)"
,Full Stack Engineer,https://www.linkedin.com/jobs/view/3817198927/,"London Area, United Kingdom (Hybrid)"
,Scala Developer,https://www.linkedin.com/jobs/view/3821058492/,"England, United Kingdom (Remote)"
,Software and Releases Management Engineer,https://www.linkedin.com/jobs/view/3822725692/,"Warwick, England, United Kingdom (Hybrid)"
,Full Stack Developer (Java/ Angular) - Financial Services ,https://www.linkedin.com/jobs/view/3813715339/,"London, England, United Kingdom (Hybrid)"
,Software Engineer,https://www.linkedin.com/jobs/view/3821057596/,"Oxfordshire, England, United Kingdom (On-site)"
,Senior Python Engineer,https://www.linkedin.com/jobs/view/3812005520/,"London, England, United Kingdom (Hybrid)"
,Full-Stack .NET Developer,https://www.linkedin.com/jobs/view/3834642400/,United Kingdom (Remote)
,Software Developer - Tool Development,https://www.linkedin.com/jobs/view/3820668586/,"Reading, England, United Kingdom (On-site)"
,Software Developer,https://www.linkedin.com/jobs/view/3822288134/,"London, England, United Kingdom (On-site)"
,Web Developer (eCommerce) / Top 25 Internet Retailer,https://www.linkedin.com/jobs/view/3811931136/,"Paisley, Scotland, United Kingdom (Hybrid)"
,Software Engineer (Full Stack),https://www.linkedin.com/jobs/view/3829259963/,"London, England, United Kingdom (On-site)"
,Full Stack Engineer (Rust and React),https://www.linkedin.com/jobs/view/3821338590/,United Kingdom (Remote)
,Django Developer,https://www.linkedin.com/jobs/view/3814849579/,"London, England, United Kingdom (Hybrid)"
,AWS Data Engineer-Permanent-London-Hybrid,https://www.linkedin.com/jobs/view/3819503814/,"City of London, England, United Kingdom (Hybrid)"
,Software Developer,https://www.linkedin.com/jobs/view/3826416702/,"Gloucestershire, England, United Kingdom (Hybrid)"
,.Net Software Developer,https://www.linkedin.com/jobs/view/3814799221/,"Altrincham, England, United Kingdom (Hybrid)"
,Junior .Net Developer,https://www.linkedin.com/jobs/view/3820645966/,"Manchester, England, United Kingdom (Hybrid)"
,Software Developer,https://www.linkedin.com/jobs/view/3821059436/,"East Sussex, England, United Kingdom (On-site)"
,Software Engineer Post Trade Technology Belfast ,https://www.linkedin.com/jobs/view/3715805339/,Belfast Metropolitan Area (Hybrid)
,Software Engineer,https://www.linkedin.com/jobs/view/3826379892/,"Bristol, England, United Kingdom (On-site)"
,Data Engineer,https://www.linkedin.com/jobs/view/3824868650/,"London, England, United Kingdom (Hybrid)"
,Software Developer,https://www.linkedin.com/jobs/view/3797606059/,"Malvern, England, United Kingdom (Hybrid)"
,Java Developers - SC Cleared - Sheffield,https://www.linkedin.com/jobs/view/3823305092/,"Sheffield, England, United Kingdom (Remote)"
,Software Developer,https://www.linkedin.com/jobs/view/3826416702/,"Gloucestershire, England, United Kingdom (Hybrid)"
,Graduate Software Engineer (Embedded),https://www.linkedin.com/jobs/view/3817366121/,"Rochester, England, United Kingdom (Hybrid)"
,Java Developers - SC Cleared - Manchester,https://www.linkedin.com/jobs/view/3823301815/,"Manchester, England, United Kingdom (Remote)"
,Scala Developer,https://www.linkedin.com/jobs/view/3821058492/,"England, United Kingdom (Remote)"
,Software Engineer,https://www.linkedin.com/jobs/view/3821057596/,"Oxfordshire, England, United Kingdom (On-site)"
,Software Developer,https://www.linkedin.com/jobs/view/3821059436/,"East Sussex, England, United Kingdom (On-site)"
,Web Developer (Full Stack),https://www.linkedin.com/jobs/view/3822471255/,"Edinburgh, Scotland, United Kingdom (Hybrid)"
,Node.js Developer - HealthTech,https://www.linkedin.com/jobs/view/3833090177/,"Durham, England, United Kingdom (Remote)"
,Golang Software Engineer,https://www.linkedin.com/jobs/view/3822435480/,"England, United Kingdom (Remote)"
,Java Developer - Bristol - Hybrid,https://www.linkedin.com/jobs/view/3826411142/,"Bristol, England, United Kingdom (Hybrid)"
,.Net Software Developer,https://www.linkedin.com/jobs/view/3823238438/,"Altrincham, England, United Kingdom (Hybrid)"
,Junior .Net Developer,https://www.linkedin.com/jobs/view/3820645966/,"Manchester, England, United Kingdom (Hybrid)"
,Data Engineer ,https://www.linkedin.com/jobs/view/3770708411/,"Manchester, England, United Kingdom (Hybrid)"
,Junior DevOps Engineer,https://www.linkedin.com/jobs/view/3813264145/,"Birmingham, England, United Kingdom (On-site)"
,Site Reliability Engineer ,https://www.linkedin.com/jobs/view/3747368092/,"London, England, United Kingdom (Hybrid)"
,Go Engineer,https://www.linkedin.com/jobs/view/3813456982/,"London, England, United Kingdom (Remote)"
,Ruby Developer - Fully Remote,https://www.linkedin.com/jobs/view/3824813137/,"London, England, United Kingdom (Remote)"
,Graduate Software Engineer,https://www.linkedin.com/jobs/view/3625338506/,"London Area, United Kingdom (On-site)"
,Software Developer Angular - Manchester - Hybrid- £40K - £65K,https://www.linkedin.com/jobs/view/3817710900/,"Stockport, England, United Kingdom (Hybrid)"
,Python Developer ,https://www.linkedin.com/jobs/view/3810674944/,"London, England, United Kingdom (Hybrid)"
,Java Developer Office Based London £55K - £75K,https://www.linkedin.com/jobs/view/3817081460/,"City of London, England, United Kingdom (On-site)"
,Engineer/ Programmer (Games) - Speculative Application,https://www.linkedin.com/jobs/view/3741349881/,"Cambridge, England, United Kingdom (Remote)"
,Software Developer Angular - Manchester - Hybrid- £40K - £65K,https://www.linkedin.com/jobs/view/3817710900/,"Stockport, England, United Kingdom (Hybrid)"
,Back End Developer,https://www.linkedin.com/jobs/view/3834659076/,"London, England, United Kingdom (Hybrid)"
,Back End Developer C#.NET £40k - £65k,https://www.linkedin.com/jobs/view/3817715010/,"Cheadle, England, United Kingdom (Hybrid)"
,Full Stack Developer (Java/ Angular) - Financial Services ,https://www.linkedin.com/jobs/view/3813715339/,"London, England, United Kingdom (Hybrid)"
,Software Developer,https://www.linkedin.com/jobs/view/3817794228/,"Glasgow City, Scotland, United Kingdom (Hybrid)"
,Web and Systems Developer,https://www.linkedin.com/jobs/view/3828160092/,"Nottingham, England, United Kingdom (Hybrid)"
,Scala Developer,https://www.linkedin.com/jobs/view/3821058492/,"England, United Kingdom (Remote)"
,Golang Software Engineer,https://www.linkedin.com/jobs/view/3813458339/,"England, United Kingdom (Remote)"
,.Net Software Developer,https://www.linkedin.com/jobs/view/3823238438/,"Altrincham, England, United Kingdom (Hybrid)"
,Systems Engineer,https://www.linkedin.com/jobs/view/3820390849/,United Kingdom (Remote)
,Graduate Java Developer - Immediate Start,https://www.linkedin.com/jobs/view/3822870255/,"London, England, United Kingdom (On-site)"
,Go Engineer,https://www.linkedin.com/jobs/view/3824545541/,"London, England, United Kingdom (Remote)"
,"Full Stack Developer - Next.js, PostgreSQL, Dashboards",https://www.linkedin.com/jobs/view/3816697528/,"Manchester, England, United Kingdom (Remote)"
,Embedded Software Engineer,https://www.linkedin.com/jobs/view/3834623123/,"West Midlands, England, United Kingdom (On-site)"
,Graduate/Junior C# developer,https://www.linkedin.com/jobs/view/3821760317/,"Middlesbrough, England, United Kingdom (On-site)"
,Java Web Developer - Energy Sector,https://www.linkedin.com/jobs/view/3835150693/,"Llandudno, Wales, United Kingdom (Hybrid)"
,Golang Software Engineer,https://www.linkedin.com/jobs/view/3835118843/,"England, United Kingdom (Remote)"
,"Mobile App Developer (Flutter, iOS, Android, React Native))",https://www.linkedin.com/jobs/view/3835143274/,"Cheadle, England, United Kingdom (Hybrid)"
,Full-Stack .NET Developer,https://www.linkedin.com/jobs/view/3834642400/,United Kingdom (Remote)
,Full Stack Engineer,https://www.linkedin.com/jobs/view/3813640552/,"Sheffield, England, United Kingdom (On-site)"
,Backend Engineer (Search & AI),https://www.linkedin.com/jobs/view/3789922478/,"London, England, United Kingdom (Remote)"
,Full Stack Developer (react-native),https://www.linkedin.com/jobs/view/3761959982/,United Kingdom (Remote)
,Back End Software Engineer,https://www.linkedin.com/jobs/view/3815596087/,"Newport, Wales, United Kingdom (Remote)"
,Software Developer Trainee,https://www.linkedin.com/jobs/view/3702471195/,"Lymm, England, United Kingdom (On-site)"
,Graduate Software Engineer,https://www.linkedin.com/jobs/view/3824065670/,United Kingdom (Remote)
,Junior Software Engineer,https://www.linkedin.com/jobs/view/3822483533/,"London, England, United Kingdom (On-site)"
,ServiceNow Developer,https://www.linkedin.com/jobs/view/3834639711/,"Reading, England, United Kingdom (On-site)"
,Data Engineer-Permanent-London-Hybrid,https://www.linkedin.com/jobs/view/3835120027/,"City of London, England, United Kingdom (Hybrid)"
,ServiceNow Developer,https://www.linkedin.com/jobs/view/3830957512/,"Surrey Docks, England, United Kingdom (Hybrid)"
,Backend Developer (SFIA4),https://www.linkedin.com/jobs/view/3792415163/,"London, England, United Kingdom (On-site)"
,Backend Engineer | North America | Europe,https://www.linkedin.com/jobs/view/3759481630/,United Kingdom (Remote)
,Software Developer Trainee,https://www.linkedin.com/jobs/view/3728190439/,"Ormskirk, England, United Kingdom (On-site)"
,Software Developer Trainee,https://www.linkedin.com/jobs/view/3702471195/,"Lymm, England, United Kingdom (On-site)"
,Software Developer Trainee,https://www.linkedin.com/jobs/view/3702472098/,"Helsby, England, United Kingdom (On-site)"
,Software Developer Trainee,https://www.linkedin.com/jobs/view/3702467863/,"Macclesfield, England, United Kingdom (On-site)"
,Trainee - Software Developer,https://www.linkedin.com/jobs/view/3651675172/,"Altrincham, England, United Kingdom (On-site)"
,Software Developer Trainee,https://www.linkedin.com/jobs/view/3702469284/,"Accrington, England, United Kingdom (On-site)"
,Software Developer Trainee,https://www.linkedin.com/jobs/view/3702468575/,"Weaverham, England, United Kingdom (On-site)"
,Software Developer Trainee,https://www.linkedin.com/jobs/view/3702466954/,"Tarleton, England, United Kingdom (On-site)"
,Software Developer Trainee,https://www.linkedin.com/jobs/view/3744789592/,"Clayton le Moors, England, United Kingdom (On-site)"
,Software Developer Trainee,https://www.linkedin.com/jobs/view/3702468574/,"Skelmersdale, England, United Kingdom (On-site)"
,Software Developer Trainee,https://www.linkedin.com/jobs/view/3702465995/,"Barnoldswick, England, United Kingdom (On-site)"
,Software Developer Trainee,https://www.linkedin.com/jobs/view/3702471193/,"Winsford, England, United Kingdom (On-site)"
,Software Developer Trainee,https://www.linkedin.com/jobs/view/3702466959/,"Preston, England, United Kingdom (On-site)"
,Software Developer Trainee,https://www.linkedin.com/jobs/view/3702466956/,"Knutsford, England, United Kingdom (On-site)"
,Trainee - Software Developer,https://www.linkedin.com/jobs/view/3745001238/,"Dukinfield, England, United Kingdom (On-site)"
,Backend Software Engineer - Mid Level,https://www.linkedin.com/jobs/view/3834992719/,"London, England, United Kingdom (Remote)"
,Software Engineer - UK or Germany,https://www.linkedin.com/jobs/view/3799254814/,United Kingdom (Remote)
,Java Developer,https://www.linkedin.com/jobs/view/3770418164/,United Kingdom (Remote)
,Backend Engineer 40-65k Hybrid working,https://www.linkedin.com/jobs/view/3736181203/,"London, England, United Kingdom (On-site)"
,Data Analyst ,https://www.linkedin.com/jobs/view/3835480200/,United Kingdom (Remote)
,Delivery Recruitment - Quant Research & Trading - Milton Keynes,https://www.linkedin.com/jobs/view/3779690834/,"Milton Keynes, England, United Kingdom (On-site)"
,Digital and Technology Solutions - Degree Apprenticeship [Data Analyst] - Information and Digital Technology,https://www.linkedin.com/jobs/view/3823165008/,"London, England, United Kingdom (On-site)"
,Technical Data Analyst,https://www.linkedin.com/jobs/view/3826381301/,"City of London, England, United Kingdom (Hybrid)"
,Data Analyst,https://www.linkedin.com/jobs/view/3728931184/,"London, England, United Kingdom (Hybrid)"
,Digital Analytics Associate Consultant ,https://www.linkedin.com/jobs/view/3811825489/,"London, England, United Kingdom (Hybrid)"
,Data Analyst ,https://www.linkedin.com/jobs/view/3806665620/,"London, England, United Kingdom (On-site)"
,Commercial and Data Analyst ,https://www.linkedin.com/jobs/view/3832999432/,"Farnham, England, United Kingdom (Hybrid)"
,Customer Data Analyst ,https://www.linkedin.com/jobs/view/3832999433/,"London, England, United Kingdom (Hybrid)"
,Data Analyst ,https://www.linkedin.com/jobs/view/3815762246/,"Middlesbrough, England, United Kingdom (Hybrid)"
,Quantitative Analyst,https://www.linkedin.com/jobs/view/3780397250/,"London, England, United Kingdom (Hybrid)"
,Data Analyst,https://www.linkedin.com/jobs/view/3797471773/,"London, England, United Kingdom (Hybrid)"
,Data Analyst,https://www.linkedin.com/jobs/view/3830022745/,"Chesterfield, England, United Kingdom (Hybrid)"
,Insights Analyst,https://www.linkedin.com/jobs/view/3734803746/,"London, England, United Kingdom (Hybrid)"
,"Data Analysis , Sales, Marketing & Advertising Intern Roles",https://www.linkedin.com/jobs/view/3834657957/,"London, England, United Kingdom (Hybrid)"
,Quantitative Researcher ,https://www.linkedin.com/jobs/view/3811010230/,"London, England, United Kingdom (On-site)"
,Data and Business Analysis Training Programme,https://www.linkedin.com/jobs/view/3822846419/,"London, England, United Kingdom (On-site)"
,Digital and Technology Solutions - Degree Apprenticeship [Data Analyst] - Trading and Supply,https://www.linkedin.com/jobs/view/3823166147/,"London, England, United Kingdom (On-site)"
,Competitive Intelligence Analyst ,https://www.linkedin.com/jobs/view/3810103940/,United Kingdom (Remote)
,Graduate Data Analyst,https://www.linkedin.com/jobs/view/3814416407/,United Kingdom (Remote)
,Commercial and Data Analyst ,https://www.linkedin.com/jobs/view/3834463877/,"Farnham, England, United Kingdom (Hybrid)"
,Data Analyst ,https://www.linkedin.com/jobs/view/3829919395/,"London, England, United Kingdom (Hybrid)"
,Data Analyst ,https://www.linkedin.com/jobs/view/3808380526/,"London, England, United Kingdom (Hybrid)"
,Commercial and Data Analyst ,https://www.linkedin.com/jobs/view/3834691288/,"Farnham, England, United Kingdom (Hybrid)"
,Digital and Technology Solutions - Degree Apprenticeship [Data Analyst] - Information and Digital Technology,https://www.linkedin.com/jobs/view/3823156327/,"London, England, United Kingdom (On-site)"
,Digital and Technology Solutions - Degree Apprenticeship [Data Analyst] - Information and Digital Technology,https://www.linkedin.com/jobs/view/3823156327/,"London, England, United Kingdom (On-site)"
,Digital and Technology Solutions - Degree Apprenticeship [Data Analyst] - Trading and Supply,https://www.linkedin.com/jobs/view/3823156300/,"London, England, United Kingdom (On-site)"
,Finance Graduate Opportunity - Data Analyst (Analyst Recommendations),https://www.linkedin.com/jobs/view/3834107951/,"London, England, United Kingdom (Hybrid)"
,Quant Analytics,https://www.linkedin.com/jobs/view/3811053535/,"London, England, United Kingdom (On-site)"
,Data Analyst - Hybrid - London,https://www.linkedin.com/jobs/view/3815679464/,"London, England, United Kingdom (Hybrid)"
,Competitive Intelligence Analyst ,https://www.linkedin.com/jobs/view/3810103940/,United Kingdom (Remote)
,Junior Data Analyst,https://www.linkedin.com/jobs/view/3815770382/,"London, England, United Kingdom (On-site)"
,Data Analyst Trainee (Norfolk/Suffolk),https://www.linkedin.com/jobs/view/3799872408/,"Suffolk, England, United Kingdom (Remote)"
,Data Analyst,https://www.linkedin.com/jobs/view/3767000916/,"Leeds, England, United Kingdom (Hybrid)"
,Full-Stack Data Analyst,https://www.linkedin.com/jobs/view/3774973994/,"London, England, United Kingdom (On-site)"
,Software Development Engineer,https://www.linkedin.com/jobs/view/3884294556/,"Coventry, England, United Kingdom (On-site)"
,Software Development Engineer,https://www.linkedin.com/jobs/view/3872740554/,"Greater London, England, United Kingdom (Hybrid)"
,Full Stack Engineer,https://www.linkedin.com/jobs/view/3871026924/,"Belfast, Northern Ireland, United Kingdom (Hybrid)"
,Software Design Engineer ,https://www.linkedin.com/jobs/view/3849540651/,"Loughton, England, United Kingdom (Hybrid)"
,Full stack developer,https://www.linkedin.com/jobs/view/3870662448/,"Greater London, England, United Kingdom (Hybrid)"
,Software Engineer,https://www.linkedin.com/jobs/view/3857858001/,"Portsmouth, England, United Kingdom (On-site)"
,Software Engineer (Decision Making) ,https://www.linkedin.com/jobs/view/3764797271/,"Oxford, England, United Kingdom (On-site)"
,Software Engineer,https://www.linkedin.com/jobs/view/3861561238/,"Leeds, England, United Kingdom (Hybrid)"
,Software Engineer,https://www.linkedin.com/jobs/view/3879396305/,"City Of Bristol, England, United Kingdom (Hybrid)"
,"Software Engineer, Edge Services ",https://www.linkedin.com/jobs/view/3879884009/,"London, England, United Kingdom (Hybrid)"
,Software Engineer,https://www.linkedin.com/jobs/view/3855726131/,"Oxfordshire, England, United Kingdom (Hybrid)"
,Full Stack Engineer (Rust and React),https://www.linkedin.com/jobs/view/3821338590/,"Newcastle Upon Tyne, England, United Kingdom (On-site)"
,Solutions Engineer ,https://www.linkedin.com/jobs/view/3879073254/,"Oxford, England, United Kingdom (On-site)"
,Software Engineer,https://www.linkedin.com/jobs/view/3871002391/,"Belfast, Northern Ireland, United Kingdom (Hybrid)"
,Full Stack Software Engineer ,https://www.linkedin.com/jobs/view/3862544660/,"London, England, United Kingdom (On-site)"
,Graduate Software Developer,https://www.linkedin.com/jobs/view/3886912305/,"North Yorkshire, England, United Kingdom (Hybrid)"
,Software Developer,https://www.linkedin.com/jobs/view/3884265396/,"Bristol, England, United Kingdom (Hybrid)"
,Full Stack Java Developer,https://www.linkedin.com/jobs/view/3895068887/,"Sheffield, England, United Kingdom (Hybrid)"
,Full stack developer,https://www.linkedin.com/jobs/view/3870662448/,"Greater London, England, United Kingdom (Hybrid)"
,Full Stack Developer - Laravel/PHP & VueJS,https://www.linkedin.com/jobs/view/3867474900/,"Manchester, England, United Kingdom (Hybrid)"
,Software Engineer - Safety Research ,https://www.linkedin.com/jobs/view/3836631201/,"Oxford, England, United Kingdom (Hybrid)"
,Full Stack Engineer (Rust and React),https://www.linkedin.com/jobs/view/3821338590/,"Newcastle Upon Tyne, England, United Kingdom (On-site)"
,Full Stack Software Engineer,https://www.linkedin.com/jobs/view/3868451728/,"Marlow, England, United Kingdom (Hybrid)"
,Full Stack Software Engineer ,https://www.linkedin.com/jobs/view/3853094049/,"Edinburgh, Scotland, United Kingdom (Remote)"
,"Software Engineer, Edge Services ",https://www.linkedin.com/jobs/view/3879884009/,"London, England, United Kingdom (Hybrid)"
,"Software Engineer, Investment Management ",https://www.linkedin.com/jobs/view/3846348938/,"Greater London, England, United Kingdom (Hybrid)"
,Back-End Software Engineers ,https://www.linkedin.com/jobs/view/3754637945/,"Greater London, England, United Kingdom (Hybrid)"
,Graduate Software Developer,https://www.linkedin.com/jobs/view/3886912305/,"North Yorkshire, England, United Kingdom (Hybrid)"
,Software Engineer (Decision Making) ,https://www.linkedin.com/jobs/view/3764797271/,"Oxford, England, United Kingdom (On-site)"
,Full Stack Engineer,https://www.linkedin.com/jobs/view/3884714290/,"London Area, United Kingdom (On-site)"
,Software Engineer,https://www.linkedin.com/jobs/view/3886548725/,"Sunderland, England, United Kingdom (On-site)"
,System Engineer ,https://www.linkedin.com/jobs/view/3865342746/,"Cardiff, Wales, United Kingdom (On-site)"
,System Engineer,https://www.linkedin.com/jobs/view/3866939508/,"Cambridgeshire, England, United Kingdom (On-site)"
,Blockchain Developer,https://www.linkedin.com/jobs/view/3864117965/,United Kingdom (Remote)
,Software Developer,https://www.linkedin.com/jobs/view/3884265396/,"Bristol, England, United Kingdom (Hybrid)"
,Interim/Fulltime Salesforce Software Engineer - London (flexible up to 5 days remote) - Day Rate: Circa £450,https://www.linkedin.com/jobs/view/3892455178/,"London Area, United Kingdom (Hybrid)"
,Machine Learning Engineer,https://www.linkedin.com/jobs/view/3863048333/,"Cambridgeshire, England, United Kingdom (On-site)"
,Software Engineer (Golang) ,https://www.linkedin.com/jobs/view/3778560514/,"London, England, United Kingdom"
,Software Developer,https://www.linkedin.com/jobs/view/3870958928/,"Cardiff, Wales, United Kingdom (On-site)"
,Full Stack Java Developer,https://www.linkedin.com/jobs/view/3895068887/,"Sheffield, England, United Kingdom (Hybrid)"
,Data Analyst,https://www.linkedin.com/jobs/view/3846936061/,"Leeds, England, United Kingdom (On-site)"
,Data Analyst – Virtual Finance Office ,https://www.linkedin.com/jobs/view/3869961973/,"Milton, England, United Kingdom (Hybrid)"
,Data Analyst,https://www.linkedin.com/jobs/view/3888058347/,"Glasgow, Scotland, United Kingdom (On-site)"
,Graduate Data Analyst,https://www.linkedin.com/jobs/view/3900688120/,"London Area, United Kingdom (On-site)"
,Data Analyst,https://www.linkedin.com/jobs/view/3846936061/,"Leeds, England, United Kingdom (On-site)"
,Delivery Recruitment - Quant Research & Trading - Milton Keynes,https://www.linkedin.com/jobs/view/3779690834/,"Milton Keynes, England, United Kingdom (On-site)"
,Data Analyst,https://www.linkedin.com/jobs/view/3900393990/,"Greater London, England, United Kingdom (On-site)"
,Graduate Data Analyst,https://www.linkedin.com/jobs/view/3879327809/,United Kingdom (Remote)
,Data Analyst,https://www.linkedin.com/jobs/view/3863588103/,"Warwick, England, United Kingdom (On-site)"
,Graduate Investment Data Analyst,https://www.linkedin.com/jobs/view/3902619389/,"London Area, United Kingdom (On-site)"
,Data Analyst (Ecommerce),https://www.linkedin.com/jobs/view/3834477552/,"London, England, United Kingdom (Hybrid)"
,Data Analyst – Virtual Finance Office ,https://www.linkedin.com/jobs/view/3869961973/,"Milton, England, United Kingdom (Hybrid)"
,Quantitative Analyst,https://www.linkedin.com/jobs/view/3900398381/,"Greater London, England, United Kingdom (On-site)"
,Digital Analytics Consultant,https://www.linkedin.com/jobs/view/3871050297/,"London, England, United Kingdom (Hybrid)"
,Digital Insight Analyst ,https://www.linkedin.com/jobs/view/3834465065/,"London, England, United Kingdom (Hybrid)"
,Category data analyst,https://www.linkedin.com/jobs/view/3883749377/,"Reading, England, United Kingdom (Hybrid)"
,Insights Analyst,https://www.linkedin.com/jobs/view/3892482041/,"Greater London, England, United Kingdom (Hybrid)"
,Junior Biostatistician ,https://www.linkedin.com/jobs/view/3870696247/,United Kingdom (Remote)
,Insurance Finance and Data Analyst,https://www.linkedin.com/jobs/view/3874524064/,"London Area, United Kingdom (Hybrid)"
,Media Insights Analyst ,https://www.linkedin.com/jobs/view/3890149077/,"London, England, United Kingdom (On-site)"
,Statistician/Operational Risk Data Analyst,https://www.linkedin.com/jobs/view/3895047154/,"London, England, United Kingdom (Hybrid)"
,Insights Analyst ,https://www.linkedin.com/jobs/view/3874632809/,"Greater London, England, United Kingdom (Hybrid)"
,Media Insight Analyst ,https://www.linkedin.com/jobs/view/3888053439/,"London, England, United Kingdom (On-site)"
,Media Insights Analyst ,https://www.linkedin.com/jobs/view/3885102584/,"London, England, United Kingdom (On-site)"
,Media Insights Analyst ,https://www.linkedin.com/jobs/view/3889056750/,"London, England, United Kingdom (On-site)"
,Media Insights Analyst ,https://www.linkedin.com/jobs/view/3888082237/,"London, England, United Kingdom (On-site)"
,Structured Credit Quant Analyst,https://www.linkedin.com/jobs/view/3851747810/,"London Area, United Kingdom (Hybrid)"
,Quantitative Researcher,https://www.linkedin.com/jobs/view/3590345011/,"London, England, United Kingdom (On-site)"
,Quant Analyst - Commodities,https://www.linkedin.com/jobs/view/3872956342/,"London Area, United Kingdom (On-site)"
,Power Quant Analyst,https://www.linkedin.com/jobs/view/3876684604/,"Greater London, England, United Kingdom (Hybrid)"
,Quantitative Analyst PhD Statistics Probability ,https://www.linkedin.com/jobs/view/3888062839/,"London, England, United Kingdom (On-site)"
,Quantitative Analyst PhD Statistics Probability ,https://www.linkedin.com/jobs/view/3888062839/,"London, England, United Kingdom (On-site)"
,Data Scientist (UK PASSPORT or WORK VISA ONLY),https://www.linkedin.com/jobs/view/3894881937/,"London Area, United Kingdom (On-site)"
,Technical Analytics Executive (Entry Level),https://www.linkedin.com/jobs/view/3885028753/,"London Area, United Kingdom (Hybrid)"
,Research Data Scientist ,https://www.linkedin.com/jobs/view/3877701762/,"London, England, United Kingdom (Hybrid)"
,Data Scientist,https://www.linkedin.com/jobs/view/3870532366/,"London Area, United Kingdom (Hybrid)"
,Data Scientist,https://www.linkedin.com/jobs/view/3791871617/,"Stirling, Scotland, United Kingdom (Hybrid)"
,Machine Learning Engineer,https://www.linkedin.com/jobs/view/3829264783/,"London, England, United Kingdom (On-site)"
,Software Engineer - Safety Research ,https://www.linkedin.com/jobs/view/3836631201/,"Oxford, England, United Kingdom (Hybrid)"
,Data Scientist ,https://www.linkedin.com/jobs/view/3885068953/,"London, England, United Kingdom (Hybrid)"
,Analyst ,https://www.linkedin.com/jobs/view/3885922311/,"Luton, England, United Kingdom (Hybrid)"
,Data Engineer,https://www.linkedin.com/jobs/view/3888111956/,"London, England, United Kingdom (Hybrid)"
,Software Engineer (Decision Making) ,https://www.linkedin.com/jobs/view/3764797271/,"Oxford, England, United Kingdom (On-site)"
,Data Scientist,https://www.linkedin.com/jobs/view/3891688399/,"Cambridge, England, United Kingdom (Hybrid)"
,Data Scientist,https://www.linkedin.com/jobs/view/3882215095/,United Kingdom (Remote)
,Software Engineer - Simulation ,https://www.linkedin.com/jobs/view/3764794888/,"Oxford, England, United Kingdom (On-site)"
,Machine Learning Engineer,https://www.linkedin.com/jobs/view/3863048333/,"Cambridgeshire, England, United Kingdom (On-site)"
,Data Scientist ,https://www.linkedin.com/jobs/view/3879605080/,"Greater London, England, United Kingdom (Hybrid)"
,Data Engineer,https://www.linkedin.com/jobs/view/3891652782/,"London, England, United Kingdom (Hybrid)"
,Full stack developer,https://www.linkedin.com/jobs/view/3870662448/,"Greater London, England, United Kingdom (Hybrid)"
,Solutions Engineer ,https://www.linkedin.com/jobs/view/3879073254/,"Oxford, England, United Kingdom (On-site)"
,Data Analyst,https://www.linkedin.com/jobs/view/3846936061/,"Leeds, England, United Kingdom (On-site)"
,Data Analyst,https://www.linkedin.com/jobs/view/3900393990/,"Greater London, England, United Kingdom (On-site)"
,Machine Learning Researcher,https://www.linkedin.com/jobs/view/3869766369/,"London Area, United Kingdom (On-site)"
,Data Engineer,https://www.linkedin.com/jobs/view/3887653634/,"London, England, United Kingdom (On-site)"
,Data Engineer,https://www.linkedin.com/jobs/view/3882805310/,"England, United Kingdom (Remote)"
,Data Technician,https://www.linkedin.com/jobs/view/3883632095/,"Kings Langley, England, United Kingdom (On-site)"
,Data Scientist ,https://www.linkedin.com/jobs/view/3879605080/,"Greater London, England, United Kingdom (Hybrid)"
,Software Engineer,https://www.linkedin.com/jobs/view/3828122507/,"Stevenage, England, United Kingdom (Hybrid)"
,Data Centre Engineer,https://www.linkedin.com/jobs/view/3879324614/,"London Area, United Kingdom (On-site)"
,Data Analyst ,https://www.linkedin.com/jobs/view/3886551196/,"Nottingham, England, United Kingdom (Hybrid)"
,Solutions Engineer ,https://www.linkedin.com/jobs/view/3879073254/,"Oxford, England, United Kingdom (On-site)"
,Data Engineer,https://www.linkedin.com/jobs/view/3884267924/,"London, England, United Kingdom (On-site)"
,Data Analyst,https://www.linkedin.com/jobs/view/3863588103/,"Warwick, England, United Kingdom (On-site)"
,Data Scientist,https://www.linkedin.com/jobs/view/3891685539/,"London, England, United Kingdom (Hybrid)"
,Data Scientist - Marketing,https://www.linkedin.com/jobs/view/3817450141/,"Sheffield, England, United Kingdom (Hybrid)"
,"Software Engineer
Software Engineer",https://www.linkedin.com/jobs/view/3899064662/,"Cambridge, England, United Kingdom (Hybrid)"
,"Software Engineer
Software Engineer",https://www.linkedin.com/jobs/view/3919085327/,"Stokesley, England, United Kingdom (Hybrid)"
,"Machine Learning Engineer 
Machine Learning Engineer with verification",https://www.linkedin.com/jobs/view/3909187953/,"London Area, United Kingdom (On-site)"
,"Data Engineer
Data Engineer",https://www.linkedin.com/jobs/view/3924769487/,"London, England, United Kingdom (On-site)"
,"Android Developer 
Android Developer with verification",https://www.linkedin.com/jobs/view/3903071923/,"London Area, United Kingdom (Hybrid)"
,"Salesforce Developer 
Salesforce Developer with verification",https://www.linkedin.com/jobs/view/3909122157/,"London Area, United Kingdom (On-site)"
,"Android Developer
Android Developer",https://www.linkedin.com/jobs/view/3910057893/,"Greater London, England, United Kingdom (Hybrid)"
,"Data Architect
Data Architect",https://www.linkedin.com/jobs/view/3921109809/,United Kingdom (Remote)
,"Software Engineer
Software Engineer",https://www.linkedin.com/jobs/view/3918506086/,"Manchester Area, United Kingdom (Hybrid)"
,"DevOps Specialist 
DevOps Specialist with verification",https://www.linkedin.com/jobs/view/3920123165/,"Coventry, England, United Kingdom (Hybrid)"
,"Machine Learning Engineer 
Machine Learning Engineer with verification",https://www.linkedin.com/jobs/view/3909187953/,"London Area, United Kingdom (On-site)"
,"Software Engineer
Software Engineer",https://www.linkedin.com/jobs/view/3913844041/,"London Area, United Kingdom (On-site)"
,"Software Engineer
Software Engineer",https://www.linkedin.com/jobs/view/3916549911/,"City Of Bristol, England, United Kingdom (Hybrid)"
,"Data Engineer 
Data Engineer with verification",https://www.linkedin.com/jobs/view/3913358271/,"London Area, United Kingdom (On-site)"
,"Data Architect
Data Architect",https://www.linkedin.com/jobs/view/3921109809/,United Kingdom (Remote)
,"DevOps Specialist 
DevOps Specialist with verification",https://www.linkedin.com/jobs/view/3920123165/,"Coventry, England, United Kingdom (Hybrid)"
,"Software Engineer
Software Engineer",https://www.linkedin.com/jobs/view/3918506086/,"Manchester Area, United Kingdom (Hybrid)"
,"Machine Learning Engineer 
Machine Learning Engineer with verification",https://www.linkedin.com/jobs/view/3909187953/,"London Area, United Kingdom (On-site)"
,"Software Engineer
Software Engineer",https://www.linkedin.com/jobs/view/3913844041/,"London Area, United Kingdom (On-site)"
,"Software Engineer 
Software Engineer with verification",https://www.linkedin.com/jobs/view/3916912198/,"London, England, United Kingdom (On-site)"
,"AWS Python Engineer
AWS Python Engineer",https://www.linkedin.com/jobs/view/3916850738/,"London Area, United Kingdom (Hybrid)"
,"Data Architect
Data Architect",https://www.linkedin.com/jobs/view/3921109809/,United Kingdom (Remote)
,"Software Engineer
Software Engineer",https://www.linkedin.com/jobs/view/3918506086/,"Manchester Area, United Kingdom (Hybrid)"
,"DevOps Specialist 
DevOps Specialist with verification",https://www.linkedin.com/jobs/view/3920123165/,"Coventry, England, United Kingdom (Hybrid)"
,"Machine Learning Engineer 
Machine Learning Engineer with verification",https://www.linkedin.com/jobs/view/3909187953/,"London Area, United Kingdom (On-site)"
,"Software Engineer
Software Engineer",https://www.linkedin.com/jobs/view/3913844041/,"London Area, United Kingdom (On-site)"
,"Software Engineer
Software Engineer",https://www.linkedin.com/jobs/view/3916549911/,"City Of Bristol, England, United Kingdom (Hybrid)"
,"Data Engineer 
Data Engineer with verification",https://www.linkedin.com/jobs/view/3913358271/,"London Area, United Kingdom (On-site)"
,"Data Architect
Data Architect",https://www.linkedin.com/jobs/view/3921109809/,United Kingdom (Remote)
,"DevOps Specialist 
DevOps Specialist with verification",https://www.linkedin.com/jobs/view/3920123165/,"Coventry, England, United Kingdom (Hybrid)"
,"Software Engineer
Software Engineer",https://www.linkedin.com/jobs/view/3918506086/,"Manchester Area, United Kingdom (Hybrid)"
,"Software Engineer
Software Engineer",https://www.linkedin.com/jobs/view/3913844041/,"London Area, United Kingdom (On-site)"
,"Insights Analyst 
Insights Analyst with verification",https://www.linkedin.com/jobs/view/3917577086/,"London Area, United Kingdom (Hybrid)"
,"Software Quality Assurance Engineer
Software Quality Assurance Engineer",https://www.linkedin.com/jobs/view/3913147522/,"London, England, United Kingdom (On-site)"
,"AWS Python Engineer
AWS Python Engineer",https://www.linkedin.com/jobs/view/3916850738/,"London Area, United Kingdom (Hybrid)"
,"Data Architect
Data Architect",https://www.linkedin.com/jobs/view/3921109809/,United Kingdom (Remote)
,"Software Engineer
Software Engineer",https://www.linkedin.com/jobs/view/3918506086/,"Manchester Area, United Kingdom (Hybrid)"
,"DevOps Specialist 
DevOps Specialist with verification",https://www.linkedin.com/jobs/view/3920123165/,"Coventry, England, United Kingdom (Hybrid)"
,"Software Engineer
Software Engineer",https://www.linkedin.com/jobs/view/3913844041/,"London Area, United Kingdom (On-site)"
,"Insights Analyst 
Insights Analyst with verification",https://www.linkedin.com/jobs/view/3917577086/,"London Area, United Kingdom (Hybrid)"
,"Automation Engineer
Automation Engineer",https://www.linkedin.com/jobs/view/3917538485/,Greater Edinburgh Area (On-site)
,"AWS Python Engineer
AWS Python Engineer",https://www.linkedin.com/jobs/view/3916850738/,"London Area, United Kingdom (Hybrid)"
,"Data Architect
Data Architect",https://www.linkedin.com/jobs/view/3921109809/,United Kingdom (Remote)
,"DevOps Specialist 
DevOps Specialist with verification",https://www.linkedin.com/jobs/view/3920123165/,"Coventry, England, United Kingdom (Hybrid)"
,"Software Engineer
Software Engineer",https://www.linkedin.com/jobs/view/3918506086/,"Manchester Area, United Kingdom (Hybrid)"
,"Software Engineer
Software Engineer",https://www.linkedin.com/jobs/view/3913844041/,"London Area, United Kingdom (On-site)"
,"Insights Analyst 
Insights Analyst with verification",https://www.linkedin.com/jobs/view/3917577086/,"London Area, United Kingdom (Hybrid)"
,"Software Quality Assurance Engineer
Software Quality Assurance Engineer",https://www.linkedin.com/jobs/view/3913147522/,"London, England, United Kingdom (On-site)"
,"AWS Python Engineer
AWS Python Engineer",https://www.linkedin.com/jobs/view/3916850738/,"London Area, United Kingdom (Hybrid)"
,"Data Architect
Data Architect",https://www.linkedin.com/jobs/view/3921109809/,United Kingdom (Remote)
,"Software Engineer
Software Engineer",https://www.linkedin.com/jobs/view/3918506086/,"Manchester Area, United Kingdom (Hybrid)"
,"DevOps Specialist 
DevOps Specialist with verification",https://www.linkedin.com/jobs/view/3920123165/,"Coventry, England, United Kingdom (Hybrid)"
,"Data Analyst
Data Analyst",https://www.linkedin.com/jobs/view/3924896210/,"London Area, United Kingdom (Hybrid)"
,"Software Quality Assurance Engineer
Software Quality Assurance Engineer",https://www.linkedin.com/jobs/view/3913147522/,"London, England, United Kingdom (On-site)"
,"Insights Analyst 
Insights Analyst with verification",https://www.linkedin.com/jobs/view/3917577086/,"London Area, United Kingdom (Hybrid)"
,"Software Engineer
Software Engineer",https://www.linkedin.com/jobs/view/3913844041/,"London Area, United Kingdom (On-site)"
,"Software Engineer
Software Engineer",https://www.linkedin.com/jobs/view/3918506086/,"Manchester Area, United Kingdom (Hybrid)"
