,Java Developer,https://www.linkedin.com/jobs/view/3766947155/,United States (Remote)
,Full Stack Java Developer,https://www.linkedin.com/jobs/view/3775054209/,"California, United States (Remote)"
,Mid Level - Java Developer,https://www.linkedin.com/jobs/view/3766945490/,United States (Remote)
,Looking JAVA Developer,https://www.linkedin.com/jobs/view/3700461286/,United States (Remote)
,Java Developer // Remote,https://www.linkedin.com/jobs/view/3704937800/,United States (Remote)
,Full-stack Java developer | Remote | Long Term,https://www.linkedin.com/jobs/view/3711708615/,United States (Remote)
,Java Developer,https://www.linkedin.com/jobs/view/3727742608/,"Fort Lauderdale, FL (Remote)"
,Full Stack Java Developer,https://www.linkedin.com/jobs/view/3690578759/,United States (Remote)
,"Java Developer ONLY ON W2, NO THIRD PARTIES",https://www.linkedin.com/jobs/view/3773536792/,"Sunnyvale, CA (Remote)"
,Full Stack Java Developer with Distributed Enterprise Experience Needed,https://www.linkedin.com/jobs/view/3723253786/,United States (Remote)
,"Java Developer - W2 (PCF, IDE)",https://www.linkedin.com/jobs/view/3703680643/,United States (Remote)
,GCP Java Developer (W2 position -Remote),https://www.linkedin.com/jobs/view/3688710667/,United States (Remote)
,Java Developer - W2,https://www.linkedin.com/jobs/view/3726100751/,United States (Remote)
,Java Developer,https://www.linkedin.com/jobs/view/3715849861/,"New York, NY (Hybrid)"
,Java Developer (TS/SCI w/ Poly),https://www.linkedin.com/jobs/view/3590325923/,"Chantilly, VA (On-site)"
,Java Developer,https://www.linkedin.com/jobs/view/3635381423/,"Cincinnati, OH (On-site)"
,Java Full Stack Developer,https://www.linkedin.com/jobs/view/3691812787/,"Oakton, VA (On-site)"
,Java Developer,https://www.linkedin.com/jobs/view/3773352204/,"Wilmington, DE (On-site)"
,Java Developer,https://www.linkedin.com/jobs/view/3667142170/,"McLean, VA (On-site)"
,full-stack java developer,https://www.linkedin.com/jobs/view/3761887971/,"McLean, VA (On-site)"
,Java Front End Developer,https://www.linkedin.com/jobs/view/3726684987/,"Minneapolis, MN (On-site)"
,Java Developer,https://www.linkedin.com/jobs/view/3763526606/,"Schenectady, NY (Hybrid)"
,Java Developer,https://www.linkedin.com/jobs/view/3716002439/,"Austin, TX (Hybrid)"
,Java Developer,https://www.linkedin.com/jobs/view/3703682432/,"Austin, TX (On-site)"
,Full Stack Java Developer,https://www.linkedin.com/jobs/view/3676016189/,"Charlotte, NC (On-site)"
,Java Full Stack Developer,https://www.linkedin.com/jobs/view/3745141729/,"Pittsburgh, PA (On-site)"
,Java (Spring) Developer,https://www.linkedin.com/jobs/view/3768138444/,"Albany, NY (Hybrid)"
,Full Stack JAVA Developer,https://www.linkedin.com/jobs/view/3641972331/,"Annapolis, MD (On-site)"
,Java Full Stack Developer,https://www.linkedin.com/jobs/view/3636424095/,"Jupiter, FL (On-site)"
,Full Stack Java Developer,https://www.linkedin.com/jobs/view/3680791030/,"Plano, TX (Hybrid)"
,Java Full Stack Developer,https://www.linkedin.com/jobs/view/3774750473/,"McLean, VA (On-site)"
,Java with BPM Developer,https://www.linkedin.com/jobs/view/3670703729/,"Sunrise, FL (On-site)"
,Java Developer,https://www.linkedin.com/jobs/view/3660492315/,"Fairfield, CT (On-site)"
,Java Developer with Rules Engine and AWS Lambda - SYN-002,https://www.linkedin.com/jobs/view/3720131530/,"Charlotte, NC (On-site)"
,"Java Developer :: Jersey City, NJ (Day 1 Onsite) :: Fulltime",https://www.linkedin.com/jobs/view/3736648820/,"Jersey City, NJ (On-site)"
,Java /Camunda Developer,https://www.linkedin.com/jobs/view/3780392994/,"St Louis, MO (On-site)"
,Java Developer,https://www.linkedin.com/jobs/view/3733400566/,"Atlanta, GA (On-site)"
,Java developer,https://www.linkedin.com/jobs/view/3746800309/,"Detroit, MI (Hybrid)"
,Full Stack Developer/Java Developer,https://www.linkedin.com/jobs/view/3775092422/,"Plano, TX (Hybrid)"
,Java Springboot Developer,https://www.linkedin.com/jobs/view/3647011258/,"Irving, TX (On-site)"
,Full Stack Java Developer (Angular9),https://www.linkedin.com/jobs/view/3646317843/,"Charlotte, NC (On-site)"
,Java Developer with Spark experience - SYN-001,https://www.linkedin.com/jobs/view/3720130563/,"Charlotte, NC (On-site)"
,Java Developer,https://www.linkedin.com/jobs/view/3750187163/,United States (Remote)
,Java Full stack developer,https://www.linkedin.com/jobs/view/3662380480/,"Alpharetta, GA (Hybrid)"
,Java Actimize Developer (Onsite),https://www.linkedin.com/jobs/view/3645945546/,"New York, NY (On-site)"
,Java UI Front End developer,https://www.linkedin.com/jobs/view/3690951687/,United States (Remote)
,Java Full Stack Developer,https://www.linkedin.com/jobs/view/3660896504/,"Alpharetta, GA (Hybrid)"
,Java Developer with strong React JS_ Need local to CA (Onsite position),https://www.linkedin.com/jobs/view/3762486842/,"Los Angeles, California, United States (On-site)"
,Onsite Work - Need Java Application Developer in Pittsburgh PA,https://www.linkedin.com/jobs/view/3724250129/,"Pittsburgh, PA (On-site)"
,Java Spring Boot Developer,https://www.linkedin.com/jobs/view/3690989461/,"Atlanta, GA (On-site)"
,Java FullStack Developer,https://www.linkedin.com/jobs/view/3770151382/,"Detroit, MI (On-site)"
,Java Developer,https://www.linkedin.com/jobs/view/3663408595/,United States (Remote)
,Java Developer,https://www.linkedin.com/jobs/view/3654522746/,"New York, NY (On-site)"
,Java Frontend Developer with Angular,https://www.linkedin.com/jobs/view/3694288270/,"Charlotte, NC (On-site)"
,Java Developer,https://www.linkedin.com/jobs/view/3759330052/,"Albany, NY (Hybrid)"
,Java NodeJS full stack developer(Remote),https://www.linkedin.com/jobs/view/3768149535/,United States (Remote)
,Java Fullstack / Backend Developer,https://www.linkedin.com/jobs/view/3643177474/,"Reston, VA (Hybrid)"
,Full Stack Java Developer,https://www.linkedin.com/jobs/view/3775442993/,"Arlington, VA"
,Java developer :: Alpharetta GA(Hybrid 3 days onsite & 2 days offsite) :: 6+ Months.,https://www.linkedin.com/jobs/view/3773336736/,"Alpharetta, GA (On-site)"
,Java Full Stack Developer,https://www.linkedin.com/jobs/view/3675596454/,United States (Remote)
,"Java Developer ONLY ON W2, NO THIRD PARTIES",https://www.linkedin.com/jobs/view/3773536792/,"Sunnyvale, CA (Remote)"
,Java / J2EE Developer_________________remote,https://www.linkedin.com/jobs/view/3772473489/,United States (Remote)
,"Java Backend Developer at Plano, TX and Chicago, IL (On-site)",https://www.linkedin.com/jobs/view/3778282346/,"Chicago, IL (On-site)"
,Java Developer/Back End/ Trading Platform Development (10+ Yrs),https://www.linkedin.com/jobs/view/3662639074/,"New York, NY (On-site)"
,Java Developer (W2 only),https://www.linkedin.com/jobs/view/3775719735/,"Atlanta, GA (Hybrid)"
,Java Developer-US citizens only,https://www.linkedin.com/jobs/view/3707635679/,"New York, NY (On-site)"
,Java Financial Applications Developer,https://www.linkedin.com/jobs/view/3697377266/,"New York, NY (Hybrid)"
,"Onsite Work - Need Java fullstack Developer in Pittsburgh, PA",https://www.linkedin.com/jobs/view/3714174653/,"Pittsburgh, PA (On-site)"
,Java ( Spring-9 plus years ) developer,https://www.linkedin.com/jobs/view/3745521197/,"Menands, NY (On-site)"
,Java Developer 10+ ( Only W2),https://www.linkedin.com/jobs/view/3773570267/,"Austin, TX (On-site)"
,Java Web Developer (Only w2),https://www.linkedin.com/jobs/view/3738842398/,"Sacramento, CA (On-site)"
,SAP BTP Java Developer,https://www.linkedin.com/jobs/view/3736650316/,"Austin, TX (On-site)"
,JAVA Backend Developer - TS/SCI (Relo Assistance Available),https://www.linkedin.com/jobs/view/3766857114/,"Dulles, VA (On-site)"
,Java Developer (9 plus years and Tax App Exp),https://www.linkedin.com/jobs/view/3751133245/,"Albany, NY (On-site)"
,Core java Reactive Developer (10 year of Experience),https://www.linkedin.com/jobs/view/3780794793/,"Sunnyvale, CA (On-site)"
,Senior Java Developer,https://www.linkedin.com/jobs/view/3777011880/,"Pittsburgh, PA"
,Entry Level Software Engineer (Remote),https://www.linkedin.com/jobs/view/3777396084/,United States (Remote)
,AI Engineer,https://www.linkedin.com/jobs/view/3781093639/,"Boston, MA (Remote)"
,Data Engineer,https://www.linkedin.com/jobs/view/3781095035/,"Houston, TX (On-site)"
,AI Engineer,https://www.linkedin.com/jobs/view/3781091867/,"Baltimore, MD (Remote)"
,Software Engineer,https://www.linkedin.com/jobs/view/3781095049/,"Philadelphia, PA (On-site)"
,Software Engineer,https://www.linkedin.com/jobs/view/3781096224/,"Guilderland, NY (On-site)"
,Software Engineer,https://www.linkedin.com/jobs/view/3781096025/,"Cary, NC (On-site)"
,Robotic Programmer,https://www.linkedin.com/jobs/view/3779689472/,"Grand Rapids, MI (On-site)"
,Simulation Software Engineer - Hybrid (*Relocation Assistance can be provided),https://www.linkedin.com/jobs/view/3781097130/,"Sterling, VA (Hybrid)"
,Simulation Software Engineer - Hybrid (*Relocation Assistance can be provided),https://www.linkedin.com/jobs/view/3780364451/,"Washington, DC (Hybrid)"
,Sitecore Developer,https://www.linkedin.com/jobs/view/3777312906/,Washington DC-Baltimore Area (Hybrid)
,Cloud Deployment Engineer - Return-To-Work Program (NA Remote),https://www.linkedin.com/jobs/view/3782610149/,"Dulles, VA (Remote)"
,Founding Engineer (Web & Mobile),https://www.linkedin.com/jobs/view/3781092369/,"San Francisco, CA (On-site)"
,Device Software Engineer / IOT / Bluetooth,https://www.linkedin.com/jobs/view/3780362247/,"Philadelphia, PA (On-site)"
,Bilingual Software Engineer,https://www.linkedin.com/jobs/view/3780359349/,"Bennington, NE (On-site)"
,Embedded Engineer,https://www.linkedin.com/jobs/view/3779698041/,"Denver, CO (On-site)"
,Python / R Programmer,https://www.linkedin.com/jobs/view/3661844503/,"Cincinnati, OH (On-site)"
,Machine Learning Engineer,https://www.linkedin.com/jobs/view/3760207893/,"Palo Alto, CA (Hybrid)"
,Firmware Engineer,https://www.linkedin.com/jobs/view/3779685979/,"Huntsville, AL (On-site)"
,AI Engineer,https://www.linkedin.com/jobs/view/3733022030/,"Denver, CO (On-site)"
,Artificial Intelligence Engineer,https://www.linkedin.com/jobs/view/3782922951/,United States (Remote)
,Software Engineer,https://www.linkedin.com/jobs/view/3669289917/,"Fremont, CA (On-site)"
,Software Engineer - Backend / Infrastructure,https://www.linkedin.com/jobs/view/3742905029/,"San Jose, CA (On-site)"
,Python Django Web Developer (Onsite),https://www.linkedin.com/jobs/view/3670967859/,"Waukegan, IL (On-site)"
,Software Developer,https://www.linkedin.com/jobs/view/3773876733/,"Reston, VA"
,Software Engineer,https://www.linkedin.com/jobs/view/3772601805/,"Atlanta, GA (On-site)"
,Software Engineer,https://www.linkedin.com/jobs/view/3770664141/,"New York, NY (Hybrid)"
,Simulation Software Engineer - Hybrid (*Relocation Assistance can be provided),https://www.linkedin.com/jobs/view/3780359925/,"Baltimore, MD (Hybrid)"
,Software Engineer,https://www.linkedin.com/jobs/view/3777186542/,"Charlotte, NC (On-site)"
,Python Developer,https://www.linkedin.com/jobs/view/3741157444/,"Downingtown, PA (On-site)"
,"Software Engineer (C++, Python and AWS)-locals",https://www.linkedin.com/jobs/view/3654518753/,"Santa Clarita, CA (Hybrid)"
,Python Developer,https://www.linkedin.com/jobs/view/3666450434/,"McLean, VA (Hybrid)"
,Functional Software Engineer (Austin TX),https://www.linkedin.com/jobs/view/3646125675/,"Austin, TX (On-site)"
,"Software Engineer (Agriculture, Entry-Level, On-Prem)",https://www.linkedin.com/jobs/view/3781056092/,"Los Banos, CA (On-site)"
,Python Developer,https://www.linkedin.com/jobs/view/3741199746/,"San Jose, CA (On-site)"
,Python Developer,https://www.linkedin.com/jobs/view/3712834614/,"Santa Clarita, CA (On-site)"
,Jr Data Engineer,https://www.linkedin.com/jobs/view/3766668104/,"Lake St Louis, MO (On-site)"
,Artificial Intelligence Engineer,https://www.linkedin.com/jobs/view/3775445544/,"Charlotte, NC (On-site)"
,Junior Software Engineer,https://www.linkedin.com/jobs/view/3686024978/,"Annapolis Junction, MD (On-site)"
,Java Bigdata Engineer,https://www.linkedin.com/jobs/view/3767289453/,"New York, NY (On-site)"
,Backend Engineer,https://www.linkedin.com/jobs/view/3760210405/,"Palo Alto, CA (Hybrid)"
,Java Bigdata Engineer,https://www.linkedin.com/jobs/view/3767284841/,"New York, NY (On-site)"
,Python Developer,https://www.linkedin.com/jobs/view/3666432920/,"Richmond, VA (Hybrid)"
,Python/R Developer,https://www.linkedin.com/jobs/view/3692522261/,United States (Remote)
,Java Bigdata Engineer,https://www.linkedin.com/jobs/view/3767285599/,"New York, NY (On-site)"
,Software Engineer,https://www.linkedin.com/jobs/view/3646123803/,"Appleton, WI (Hybrid)"
,CNC Programmer,https://www.linkedin.com/jobs/view/3779686618/,"Fullerton, CA (On-site)"
,Junior Software Engineer,https://www.linkedin.com/jobs/view/3667200255/,"Annapolis Junction, MD (On-site)"
,Junior Software Engineer,https://www.linkedin.com/jobs/view/3759814657/,"Columbia, MD (On-site)"
,Software Engineer,https://www.linkedin.com/jobs/view/3760313676/,"Plano, TX (On-site)"
,Python AWS Developer,https://www.linkedin.com/jobs/view/3766077689/,"Malvern, PA (On-site)"
,Python AWS Developer - Remote,https://www.linkedin.com/jobs/view/3670945965/,"New York, NY (On-site)"
,Associate Software Engineer,https://www.linkedin.com/jobs/view/2491551901/,"Grand Rapids, MI"
,Software Engineer I,https://www.linkedin.com/jobs/view/3729202009/,"Southington, CT (On-site)"
,Software Engineer,https://www.linkedin.com/jobs/view/3590304495/,"Indianapolis, IN (Hybrid)"
,Software Developer I ,https://www.linkedin.com/jobs/view/3635398286/,"Atlanta, GA (Hybrid)"
,"Full-stack Python Developer___________NEW JERSEY,JERSEY CITY",https://www.linkedin.com/jobs/view/3773845360/,"Jersey City, NJ (Hybrid)"
,Genomics Software Engineer,https://www.linkedin.com/jobs/view/3590303515/,"Cambridge, MA (Remote)"
,NLP Algorithm Engineer/ Sofware Engineer-NLP,https://www.linkedin.com/jobs/view/3694483372/,"Seattle, WA (On-site)"
,Machine Learning Engineer,https://www.linkedin.com/jobs/view/3775821533/,"St Louis, MO (On-site)"
,Software Developer Level 2,https://www.linkedin.com/jobs/view/3750179381/,"New Port Richey, FL (On-site)"
,Software Developer,https://www.linkedin.com/jobs/view/3769038043/,"Coppell, TX (On-site)"
,Python Data Engineer/Developer,https://www.linkedin.com/jobs/view/3657158944/,"Washington, DC (On-site)"
,Full Stack Engineer,https://www.linkedin.com/jobs/view/3538575251/,"Chicago, IL (On-site)"
,Need Python Frontend Developer,https://www.linkedin.com/jobs/view/3647879465/,"Raritan, NJ (Hybrid)"
,Data Science AI/Developer/Python,https://www.linkedin.com/jobs/view/3687697052/,"Boca Raton, FL (Hybrid)"
,"Software Engineer, Platform",https://www.linkedin.com/jobs/view/3598042156/,"Charlottesville, VA (On-site)"
,Web Developer V,https://www.linkedin.com/jobs/view/3746803086/,"Seattle, WA (On-site)"
,Web Developer V,https://www.linkedin.com/jobs/view/3746297494/,"Seattle, WA (On-site)"
,Software Engineer,https://www.linkedin.com/jobs/view/3768366378/,"Chicago, IL (Hybrid)"
,"Software Developer 1 - Johnson City, TN, 37604",https://www.linkedin.com/jobs/view/3667349302/,"Johnson City, TN (On-site)"
,Full Stack Engineer,https://www.linkedin.com/jobs/view/3766478181/,Raleigh-Durham-Chapel Hill Area (On-site)
,Software Test Engineer,https://www.linkedin.com/jobs/view/3764185128/,"Fort Collins, CO (On-site)"
,DevOps Engineer,https://www.linkedin.com/jobs/view/3760207891/,"Palo Alto, CA (Hybrid)"
,Python PySpark/ Data Engineer,https://www.linkedin.com/jobs/view/3746841859/,"Plano, TX (On-site)"
,Data Engineer for Data Platform,https://www.linkedin.com/jobs/view/3739542711/,"Seattle, WA (On-site)"
,Data Processing Engineer - Junior,https://www.linkedin.com/jobs/view/3725162837/,"Columbia, MD (On-site)"
,Application Developer,https://www.linkedin.com/jobs/view/3773535955/,"Hudson, OH (On-site)"
,Freelance Software Engineer,https://www.linkedin.com/jobs/view/3739798912/,United States (Remote)
,Software Development Engineer - Machining Simulation Focus,https://www.linkedin.com/jobs/view/3729134605/,"Eden Prairie, MN (On-site)"
,Python Django Developer,https://www.linkedin.com/jobs/view/3667411938/,"New Jersey, United States (On-site)"
,"Full Stack React Developer -locals______________houston,tx",https://www.linkedin.com/jobs/view/3741404440/,"Houston, TX (On-site)"
,Software Engineer 2 - Linux/Python/Kubernetes/Helm/Go/PyTorch,https://www.linkedin.com/jobs/view/3782104006/,"Annapolis Junction, MD (On-site)"
,Software Engineer,https://www.linkedin.com/jobs/view/3774839478/,Los Angeles Metropolitan Area (Hybrid)
,Database Developer,https://www.linkedin.com/jobs/view/3693799414/,"Newport Beach, CA (Hybrid)"
,Systems Software Engineer R&D,https://www.linkedin.com/jobs/view/3667223503/,"Boston, MA (On-site)"
,"Full Time, Full Stack Developer",https://www.linkedin.com/jobs/view/3590306941/,"San Jose, CA (On-site)"
,Software Engineer (Entry Level / New Grad),https://www.linkedin.com/jobs/view/3803082601/,"Burlingame, CA (Hybrid)"
,Junior Software Engineer,https://www.linkedin.com/jobs/view/3806730776/,San Francisco Bay Area (Hybrid)
,Junior Software Developer,https://www.linkedin.com/jobs/view/3792209328/,"Philadelphia, PA (On-site)"
,Junior Software Engineer,https://www.linkedin.com/jobs/view/3774101393/,Washington DC-Baltimore Area (On-site)
,Junior Software Engineer,https://www.linkedin.com/jobs/view/3806384515/,"Tucker, GA (On-site)"
,Junior Software Engineer,https://www.linkedin.com/jobs/view/3808667286/,"San Diego, CA (Hybrid)"
,Associate Software Engineer,https://www.linkedin.com/jobs/view/3788268655/,"Austin, TX (Remote)"
,Software Engineer,https://www.linkedin.com/jobs/view/3791784847/,"Dallas, TX (Hybrid)"
