,E-Trading Java Developer - Investment Bank,https://www.linkedin.com/jobs/view/3641883839/,"City of London, England, United Kingdom (On-site)"
,Data Engineer - Web Scraping (Scrapy),https://www.linkedin.com/jobs/view/3648803855/,"England, United Kingdom (On-site)"
,Technical Solution Designer,https://www.linkedin.com/jobs/view/3654764999/,"London Area, United Kingdom (Hybrid)"
,Backend Software Engineer C++ Linux,https://www.linkedin.com/jobs/view/3657896136/,"London, England, United Kingdom (Hybrid)"
,Graduate Data Analyst,https://www.linkedin.com/jobs/view/3663574296/,"Warwick, England, United Kingdom (Hybrid)"
,AWS Data Security Engineer,https://www.linkedin.com/jobs/view/3660007714/,"London, England, United Kingdom (Hybrid)"
,Deep Learning Engineer,https://www.linkedin.com/jobs/view/3660027451/,"Edinburgh, Scotland, United Kingdom (On-site)"
,"Join the Elite: Recruitment Opportunities in Global Technology, Quantitative Finance, and Data Science",https://www.linkedin.com/jobs/view/3662997576/,"London, England, United Kingdom (On-site)"
,SQL Database Administrator,https://www.linkedin.com/jobs/view/3650778928/,"Glasgow, Scotland, United Kingdom (On-site)"
,Network Engineer,https://www.linkedin.com/jobs/view/3580167692/,"Lisburn, Northern Ireland, United Kingdom (On-site)"
,Data Analyst,https://www.linkedin.com/jobs/view/3645286876/,"Manchester, England, United Kingdom (On-site)"
,Infrastructure & Test Engineer,https://www.linkedin.com/jobs/view/3659014741/,"Gloucestershire, England, United Kingdom (On-site)"
,"Recruitment Consultant - Fashion, Beauty & Sports Brands",https://www.linkedin.com/jobs/view/3654593497/,"Harrogate, England, United Kingdom (Hybrid)"
,IT Support Engineer,https://www.linkedin.com/jobs/view/3662746326/,"Newcastle upon Tyne, England, United Kingdom (On-site)"
,Platform Engineer - AWS,https://www.linkedin.com/jobs/view/3366729539/,"Exeter, England, United Kingdom (Hybrid)"
,Software developer,https://www.linkedin.com/jobs/view/3646684077/,"Southport, England, United Kingdom (Hybrid)"
,Data Analyst,https://www.linkedin.com/jobs/view/3663548164/,"Hammersmith, England, United Kingdom (Hybrid)"
,Graduate Data Engineer,https://www.linkedin.com/jobs/view/3638281069/,"London, England, United Kingdom (Hybrid)"
,Full Stack Software Engineer,https://www.linkedin.com/jobs/view/3641806246/,"Warrington, England, United Kingdom (Hybrid)"
,Data Engineer,https://www.linkedin.com/jobs/view/3641888421/,"Bradford, England, United Kingdom (On-site)"
,Electrical Estimator,https://www.linkedin.com/jobs/view/3659013884/,"Crawley, England, United Kingdom (Hybrid)"
,Associate Software Development Engineer - State Application Team,https://www.linkedin.com/jobs/view/3650755062/,"Belfast, Northern Ireland, United Kingdom (Hybrid)"
,Graduate Software Engineer - Machine Learning,https://www.linkedin.com/jobs/view/3356625079/,"London, England, United Kingdom (Hybrid)"
,Software Engineer - Data,https://www.linkedin.com/jobs/view/3644661986/,"London, England, United Kingdom (On-site)"
,Software Engineer,https://www.linkedin.com/jobs/view/3555235454/,"London, England, United Kingdom (On-site)"
,Data Engineer,https://www.linkedin.com/jobs/view/3661733999/,"London, England, United Kingdom (Remote)"
,Data Engineer,https://www.linkedin.com/jobs/view/3652747152/,"London, England, United Kingdom (Remote)"
,Data Engineer - UK or Europe (Remote),https://www.linkedin.com/jobs/view/3638605686/,"London, England, United Kingdom (Remote)"
,Data Developer,https://www.linkedin.com/jobs/view/3635240239/,"Maidstone, England, United Kingdom (Remote)"
,Data Analyst,https://www.linkedin.com/jobs/view/3638154737/,"Brighton, England, United Kingdom (Remote)"
,Full Stack Developer,https://www.linkedin.com/jobs/view/3656980682/,"London, England, United Kingdom (Remote)"
,Quantum Engineer - Full Time - Fully Remote,https://www.linkedin.com/jobs/view/3640403662/,"Oxfordshire, England, United Kingdom (Remote)"
,Content Developer,https://www.linkedin.com/jobs/view/3663334408/,"London, England, United Kingdom (Remote)"
,"Programmer - Permanent, Full-Time",https://www.linkedin.com/jobs/view/3658540916/,"Hove, England, United Kingdom (Remote)"
,Software Engineer,https://www.linkedin.com/jobs/view/3646120431/,"Newmarket, England, United Kingdom (Remote)"
,"Online Course Instructor - Analytics & Data Science (Part-Time, Contract)",https://www.linkedin.com/jobs/view/3641747681/,"London, England, United Kingdom (Remote)"
,DevOps Engineer,https://www.linkedin.com/jobs/view/3648873143/,"London, England, United Kingdom (Remote)"
,Neonatal Operational Specialist,https://www.linkedin.com/jobs/view/3651806659/,United Kingdom (Remote)
,Mobile Tester,https://www.linkedin.com/jobs/view/3568558652/,United Kingdom (Remote)
,Security Usability with Software Development,https://www.linkedin.com/jobs/view/3660910632/,United Kingdom (Remote)
,Application Developer,https://www.linkedin.com/jobs/view/3665943043/,"Caerphilly, Wales, United Kingdom (Hybrid)"
,Deep Learning Engineer,https://www.linkedin.com/jobs/view/3660027451/,"Edinburgh, Scotland, United Kingdom (On-site)"
,Graduate/Post Graduate Hiring- Fresher,https://www.linkedin.com/jobs/view/3648833557/,"London, England, United Kingdom (On-site)"
,Software Engineer,https://www.linkedin.com/jobs/view/3633935982/,"Wycombe Marsh, England, United Kingdom (Hybrid)"
,Graduate Data Analyst,https://www.linkedin.com/jobs/view/3663574296/,"Warwick, England, United Kingdom (Hybrid)"
,Software Engineer,https://www.linkedin.com/jobs/view/3598723097/,"Manchester, England, United Kingdom (On-site)"
,Trainee Engineer,https://www.linkedin.com/jobs/view/3656607643/,"Basingstoke, England, United Kingdom (On-site)"
,Engineers & Junior Engineers,https://www.linkedin.com/jobs/view/3660051833/,"Waterbeach, England, United Kingdom (On-site)"
,Machine Learning Engineer,https://www.linkedin.com/jobs/view/3660025615/,"Cheltenham, England, United Kingdom (Hybrid)"
,Graduate Embedded Firmware Engineers wanted FPGA / DSP),https://www.linkedin.com/jobs/view/3663313628/,"Southampton, England, United Kingdom (On-site)"
,Data Analyst,https://www.linkedin.com/jobs/view/3645286876/,"Manchester, England, United Kingdom (On-site)"
,Engineer,https://www.linkedin.com/jobs/view/3553553311/,"Harlow, England, United Kingdom (On-site)"
,Graduate Software Engineer,https://www.linkedin.com/jobs/view/3639852421/,"Welshpool, Wales, United Kingdom (On-site)"
,Trainee Engineer,https://www.linkedin.com/jobs/view/3665134584/,"Watford, England, United Kingdom (On-site)"
,Data Engineer (Multiple Levels) - Consulting,https://www.linkedin.com/jobs/view/3654919514/,"Leeds, England, United Kingdom (On-site)"
,Junior FPGA Engineer,https://www.linkedin.com/jobs/view/3641813909/,"Hampshire, England, United Kingdom (On-site)"
,Digital Data Analyst,https://www.linkedin.com/jobs/view/3651824225/,"Burton upon Trent, England, United Kingdom (Hybrid)"
,Software Developer,https://www.linkedin.com/jobs/view/3645669076/,"Kendal, England, United Kingdom (Hybrid)"
,Data Scientist - Commercial Sport,https://www.linkedin.com/jobs/view/3640595857/,"Manchester, England, United Kingdom (Hybrid)"
,NetSuite Developer,https://www.linkedin.com/jobs/view/3650784374/,"Hemel Hempstead, England, United Kingdom (Hybrid)"
,Software Engineer - Data,https://www.linkedin.com/jobs/view/3644661986/,"London, England, United Kingdom (On-site)"
,Software Engineer,https://www.linkedin.com/jobs/view/3555235454/,"London, England, United Kingdom (On-site)"
,Data Analyst,https://www.linkedin.com/jobs/view/3653991961/,"London, England, United Kingdom (On-site)"
,Backend Python Developer,https://www.linkedin.com/jobs/view/3665895236/,"London, England, United Kingdom (On-site)"
,Back End Developer,https://www.linkedin.com/jobs/view/3661639837/,United Kingdom (Remote)
,Technical Program Manager,https://www.linkedin.com/jobs/view/3662727943/,United Kingdom (Remote)
,DevOps Consultant,https://www.linkedin.com/jobs/view/3665956135/,United Kingdom (Remote)
,Enterprise Cyber Security Software Sales - UK Area,https://www.linkedin.com/jobs/view/3617075565/,United Kingdom (Remote)
,Data Engineer,https://www.linkedin.com/jobs/view/3661733998/,"Manchester, England, United Kingdom (Remote)"
,Data Analyst,https://www.linkedin.com/jobs/view/3654867864/,United Kingdom (Remote)
,RPA Engineer- Fully Remote- up to £80k plus bonus and benefits,https://www.linkedin.com/jobs/view/3662363684/,"England, United Kingdom (Remote)"
,Software Engineer,https://www.linkedin.com/jobs/view/3661695280/,United Kingdom (Remote)
,Railway Engineer (UK),https://www.linkedin.com/jobs/view/3010607783/,United Kingdom (Remote)
,Quantum Engineer - Full Time - Fully Remote,https://www.linkedin.com/jobs/view/3640403662/,"Oxfordshire, England, United Kingdom (Remote)"
,Data Analyst,https://www.linkedin.com/jobs/view/3661416223/,"London, England, United Kingdom (Remote)"
,SLB - Reward and Data Analysis Associate,https://www.linkedin.com/jobs/view/3661082662/,United Kingdom (Remote)
,A.I. Programmer (Fully remote multiple roles),https://www.linkedin.com/jobs/view/3656487654/,"Portsmouth, England, United Kingdom (Remote)"
,Data Engineer,https://www.linkedin.com/jobs/view/3652747152/,"London, England, United Kingdom (Remote)"
,Data Engineer,https://www.linkedin.com/jobs/view/3661733999/,"London, England, United Kingdom (Remote)"
,Data Scientist,https://www.linkedin.com/jobs/view/3627892216/,"London, England, United Kingdom (Remote)"
,Data Analyst,https://www.linkedin.com/jobs/view/3638154737/,"Brighton, England, United Kingdom (Remote)"
,Data Developer,https://www.linkedin.com/jobs/view/3635240239/,"Maidstone, England, United Kingdom (Remote)"
,Blockchain Engineer,https://www.linkedin.com/jobs/view/3646115610/,"London, England, United Kingdom (Remote)"
,DevOps Engineer,https://www.linkedin.com/jobs/view/3648873143/,"London, England, United Kingdom (Remote)"
,Neonatal Operational Specialist,https://www.linkedin.com/jobs/view/3651806659/,United Kingdom (Remote)
,Clinical Coder,https://www.linkedin.com/jobs/view/3648984255/,"London, England, United Kingdom (Remote)"
,Software Engineer,https://www.linkedin.com/jobs/view/3654111185/,"Macclesfield, England, United Kingdom (Hybrid)"
,Deep Learning Engineer,https://www.linkedin.com/jobs/view/3660027451/,"Edinburgh, Scotland, United Kingdom (On-site)"
,Software Engineer,https://www.linkedin.com/jobs/view/3598723097/,"Manchester, England, United Kingdom (On-site)"
,Full Stack Software Engineer,https://www.linkedin.com/jobs/view/3654191994/,"Buckinghamshire, England, United Kingdom"
,Data Analyst,https://www.linkedin.com/jobs/view/3645286876/,"Manchester, England, United Kingdom (On-site)"
,Customer Data Engineer,https://www.linkedin.com/jobs/view/3662355107/,"Leeds, England, United Kingdom (On-site)"
,Software Engineer,https://www.linkedin.com/jobs/view/3638164787/,"Newport, Wales, United Kingdom (Hybrid)"
,Data Product Engineer,https://www.linkedin.com/jobs/view/3665953418/,"Edinburgh, Scotland, United Kingdom (On-site)"
,Trainee Engineer,https://www.linkedin.com/jobs/view/3665134584/,"Watford, England, United Kingdom (On-site)"
,Data Recruitment Consultant,https://www.linkedin.com/jobs/view/3564347330/,"London, England, United Kingdom (Hybrid)"
,Quantitative Analyst,https://www.linkedin.com/jobs/view/3661907386/,"London, England, United Kingdom (On-site)"
,Graduate Data Developer (J13920:LEE),https://www.linkedin.com/jobs/view/3651482026/,"Leeds, England, United Kingdom (On-site)"
,Entry level Dictionary Analyst,https://www.linkedin.com/jobs/view/3639726354/,"Stockport, England, United Kingdom (Hybrid)"
,Data Platform Engineer,https://www.linkedin.com/jobs/view/3665418232/,"Hemel Hempstead, England, United Kingdom (Hybrid)"
,Backend Python Developer,https://www.linkedin.com/jobs/view/3665895236/,"London, England, United Kingdom (On-site)"
,Software Engineer,https://www.linkedin.com/jobs/view/3608380840/,"London, England, United Kingdom"
,Data Engineer - Analytics Consultancy,https://www.linkedin.com/jobs/view/3667057280/,"Manchester, England, United Kingdom"
,Front-end Developer,https://www.linkedin.com/jobs/view/3617652849/,"Manchester, England, United Kingdom (On-site)"
,"Join the Elite: Recruitment Opportunities in Global Technology, Quantitative Finance, and Data Science",https://www.linkedin.com/jobs/view/3662997576/,"London, England, United Kingdom (On-site)"
,Software Engineer,https://www.linkedin.com/jobs/view/3570269357/,"London, England, United Kingdom (Hybrid)"
,"Graduate Software Developer- Up to £75,000 + Excellent Package",https://www.linkedin.com/jobs/view/3662690277/,"London, England, United Kingdom (Hybrid)"
,Data & Ecosystem Analyst,https://www.linkedin.com/jobs/view/3653175312/,"London, England, United Kingdom (Hybrid)"
,Graduate Software Programme,https://www.linkedin.com/jobs/view/3660796198/,"Stowmarket, England, United Kingdom (On-site)"
,Graduate Software Engineer,https://www.linkedin.com/jobs/view/3639928541/,"Leamington Spa, England, United Kingdom (Hybrid)"
,Junior QA Automation Engineer,https://www.linkedin.com/jobs/view/3643006585/,"London, England, United Kingdom (Remote)"
,ICT Level 3 Apprentice,https://www.linkedin.com/jobs/view/3644186244/,United Kingdom (Remote)
,Telco Engineer,https://www.linkedin.com/jobs/view/3635693381/,United Kingdom (Remote)
,Data Scientist,https://www.linkedin.com/jobs/view/3609156271/,United Kingdom (Remote)
,Product Owner,https://www.linkedin.com/jobs/view/3647739384/,United Kingdom (Remote)
,Front End Developer,https://www.linkedin.com/jobs/view/3639471765/,United Kingdom (Remote)
,Enforcement & Reporting Lead,https://www.linkedin.com/jobs/view/3659387286/,"London, England, United Kingdom (Remote)"
,Graduate Software Developer,https://www.linkedin.com/jobs/view/3608101073/,"London, England, United Kingdom (Remote)"
,Solutions Engineer II (EU),https://www.linkedin.com/jobs/view/3660473965/,United Kingdom (Remote)
,PHP Laravel Developer,https://www.linkedin.com/jobs/view/3569569102/,"London, England, United Kingdom (Remote)"
,Product Manager,https://www.linkedin.com/jobs/view/3655201550/,"Sheffield, England, United Kingdom (Remote)"
,Content Developer,https://www.linkedin.com/jobs/view/3663334408/,"London, England, United Kingdom (Remote)"
,Quantum Engineer - Full Time - Fully Remote,https://www.linkedin.com/jobs/view/3640403662/,"Oxfordshire, England, United Kingdom (Remote)"
,Student Sales Specialist,https://www.linkedin.com/jobs/view/3567160176/,United Kingdom (Remote)
,Frontend Developer,https://www.linkedin.com/jobs/view/3663812007/,"Birmingham, England, United Kingdom (Remote)"
