,Junior Software Engineer,https://www.linkedin.com/jobs/view/3735668220/,"Birmingham, England, United Kingdom (Hybrid)"
,Software Engineer,https://www.linkedin.com/jobs/view/3740188319/,"Nottingham City, England, United Kingdom (On-site)"
,Software Engineer,https://www.linkedin.com/jobs/view/3732539506/,"Edinburgh, Scotland, United Kingdom (Remote)"
,Software Engineer,https://www.linkedin.com/jobs/view/3691785685/,"Bristol, England, United Kingdom (Hybrid)"
,Software Engineer,https://www.linkedin.com/jobs/view/3740574913/,"Leeds, England, United Kingdom (On-site)"
,Software Engineer,https://www.linkedin.com/jobs/view/3718237532/,"London, England, United Kingdom (On-site)"
,Software Engineer,https://www.linkedin.com/jobs/view/3725926431/,"Oxford, England, United Kingdom (Hybrid)"
,Data Scientist,https://www.linkedin.com/jobs/view/3740186042/,"Nottingham City, England, United Kingdom (Hybrid)"
,Machine Learning Engineer/Scientist - High Performance Computing,https://www.linkedin.com/jobs/view/3732140121/,"London Area, United Kingdom (On-site)"
,Cryogenics Engineer,https://www.linkedin.com/jobs/view/3733145395/,"Bristol, England, United Kingdom (On-site)"
,PDRA Research Assistant,https://www.linkedin.com/jobs/view/3697962688/,"Lincoln, England, United Kingdom (Hybrid)"
,Data Engineer,https://www.linkedin.com/jobs/view/3737975142/,"Newcastle upon Tyne, England, United Kingdom (On-site)"
,Data Engineer,https://www.linkedin.com/jobs/view/3736667441/,"London, England, United Kingdom (Hybrid)"
,Pre-sales Applied Data Scientist-causal AI,https://www.linkedin.com/jobs/view/3716347372/,"London, England, United Kingdom (On-site)"
,Machine Learning Engineer,https://www.linkedin.com/jobs/view/3728362470/,"London, England, United Kingdom (Hybrid)"
,Java Developer,https://www.linkedin.com/jobs/view/3732896789/,"London, England, United Kingdom (Hybrid)"
,Full Stack Python Developer,https://www.linkedin.com/jobs/view/3732662502/,"England, United Kingdom"
,Engineer,https://www.linkedin.com/jobs/view/3733277289/,"London, England, United Kingdom"
,Data Engineer with Dynamics 365 & System Administration Experience,https://www.linkedin.com/jobs/view/3736578276/,"Gateshead, England, United Kingdom (Hybrid)"
,Data Privacy Analyst,https://www.linkedin.com/jobs/view/3716403197/,"London, England, United Kingdom (On-site)"
,Trainee Artificial Intelligence Specialist,https://www.linkedin.com/jobs/view/3735655010/,"England, United Kingdom (On-site)"
,Support Analyst,https://www.linkedin.com/jobs/view/3724662136/,"Bristol, England, United Kingdom (On-site)"
,Data Scientist with SEO Knowledge,https://www.linkedin.com/jobs/view/3737951308/,United Kingdom (Remote)
,Salesforce Developer,https://www.linkedin.com/jobs/view/3734803100/,"Edinburgh, Scotland, United Kingdom (Hybrid)"
,Data Engineer,https://www.linkedin.com/jobs/view/3731880365/,"London, England, United Kingdom (On-site)"
,Infrastructure Engineer,https://www.linkedin.com/jobs/view/3741247927/,"Manchester, England, United Kingdom (Hybrid)"
,Software Engineer,https://www.linkedin.com/jobs/view/3715838528/,"England, United Kingdom (Hybrid)"
,Software Engineer,https://www.linkedin.com/jobs/view/3676668825/,"Manchester, England, United Kingdom (Remote)"
,Cloud Engineer,https://www.linkedin.com/jobs/view/3729727567/,"England, United Kingdom (Remote)"
,Platform Engineer,https://www.linkedin.com/jobs/view/3725417418/,"Oxfordshire, England, United Kingdom (On-site)"
,Technical Support Engineer,https://www.linkedin.com/jobs/view/3738375019/,"Swindon, England, United Kingdom (On-site)"
,Customer Success Engineer,https://www.linkedin.com/jobs/view/3736582012/,United Kingdom (Remote)
,Data Editor - Automotive Industry,https://www.linkedin.com/jobs/view/3730252341/,"Leeds, England, United Kingdom (Hybrid)"
,Infrastructure Engineer,https://www.linkedin.com/jobs/view/3737981499/,"London, England, United Kingdom (On-site)"
,Controls Engineer,https://www.linkedin.com/jobs/view/3730653634/,"Coventry, England, United Kingdom (On-site)"
,Research Engineer - Transport Modelling and Simulation,https://www.linkedin.com/jobs/view/3703454815/,"London, England, United Kingdom (Hybrid)"
,Technical Animator - (All Levels),https://www.linkedin.com/jobs/view/3689684896/,"Brighton, England, United Kingdom (On-site)"
,Underwriting Technician,https://www.linkedin.com/jobs/view/3741264415/,"City of London, England, United Kingdom (Hybrid)"
,Principal Cheminformatics Data Scientist,https://www.linkedin.com/jobs/view/3741650804/,"Cambridge, England, United Kingdom (On-site)"
,SQL Database Administrator,https://www.linkedin.com/jobs/view/3641776581/,"London, England, United Kingdom (On-site)"
,Demand Planning Analyst,https://www.linkedin.com/jobs/view/3727590148/,"Theale, England, United Kingdom (Hybrid)"
,ESG Analyst,https://www.linkedin.com/jobs/view/3736176771/,"London, England, United Kingdom (On-site)"
,Java Developer,https://www.linkedin.com/jobs/view/3733468344/,"Birmingham, England, United Kingdom (On-site)"
,Software Engineer (Clojure),https://www.linkedin.com/jobs/view/3733974501/,"London, England, United Kingdom (Hybrid)"
,Algorithmic Trader (multiple openings),https://www.linkedin.com/jobs/view/3733953266/,"London, England, United Kingdom (On-site)"
,Firmware Engineer,https://www.linkedin.com/jobs/view/3741544414/,"Worcestershire, England, United Kingdom (On-site)"
,"Remote IAM Engineer - Azure, Powershell - SC Clearance",https://www.linkedin.com/jobs/view/3740810017/,"London, England, United Kingdom (Remote)"
,Controls Design Engineer,https://www.linkedin.com/jobs/view/3730200765/,"Haverhill, England, United Kingdom (On-site)"
,Full Stack Engineer,https://www.linkedin.com/jobs/view/3725344609/,"Dundee, Scotland, United Kingdom (Hybrid)"
,Operations Administration Assistant,https://www.linkedin.com/jobs/view/3736645618/,"Hertfordshire, England, United Kingdom (On-site)"
,Platform Engineer,https://www.linkedin.com/jobs/view/3725417418/,"Oxfordshire, England, United Kingdom (On-site)"
,Recruitment Consultant,https://www.linkedin.com/jobs/view/3476719238/,"London, England, United Kingdom (On-site)"
,Senior Modelling Pricing Specialist,https://www.linkedin.com/jobs/view/3737512843/,"West Midlands, England, United Kingdom (On-site)"
,"Embedded Software Engineer (Milton Keynes, UK)",https://www.linkedin.com/jobs/view/3660990736/,"Milton Keynes, England, United Kingdom (On-site)"
,Neuromorphic Chip Design Engineer,https://www.linkedin.com/jobs/view/3600495461/,"Edinburgh, Scotland, United Kingdom (On-site)"
,Customer Success Engineer,https://www.linkedin.com/jobs/view/3736582012/,United Kingdom (Remote)
,Go Engineer,https://www.linkedin.com/jobs/view/3728965495/,"London, England, United Kingdom (Remote)"
,Field Engineer,https://www.linkedin.com/jobs/view/3729484944/,"Aberdeen, Scotland, United Kingdom (On-site)"
,"3D Character Artist ( Real Time Avatar Specialist) - £55,000 - Full Remote",https://www.linkedin.com/jobs/view/3736863837/,United Kingdom (Remote)
,Sales Engineer II UK - French,https://www.linkedin.com/jobs/view/3705616900/,"London, England, United Kingdom (Remote)"
,Recruitment Consultant,https://www.linkedin.com/jobs/view/3726250886/,"London Area, United Kingdom (Hybrid)"
,Geotechnical Engineer,https://www.linkedin.com/jobs/view/3728217594/,"Great Yarmouth, England, United Kingdom (On-site)"
,Junior Global Product Merchandiser,https://www.linkedin.com/jobs/view/3734701610/,"London, England, United Kingdom (Hybrid)"
,Vehicle Package Engineer x2,https://www.linkedin.com/jobs/view/3727544180/,"Coventry, England, United Kingdom (On-site)"
,Vehicle Energy Management 1D (Project Engineer),https://www.linkedin.com/jobs/view/3721084515/,"Coventry, England, United Kingdom (On-site)"
,Geotechnical Engineer (Offshore),https://www.linkedin.com/jobs/view/3711172486/,"Great Yarmouth, England, United Kingdom (On-site)"
,Software Engineer,https://www.linkedin.com/jobs/view/3715838528/,"England, United Kingdom (Hybrid)"
,Go Engineer,https://www.linkedin.com/jobs/view/3728965495/,"London, England, United Kingdom (Remote)"
,Engineering Product Specialist,https://www.linkedin.com/jobs/view/3728487450/,"Edinburgh, Scotland, United Kingdom (Hybrid)"
,Real-Time Control Systems Engineers,https://www.linkedin.com/jobs/view/3729506651/,"Middlesbrough, England, United Kingdom (On-site)"
,Deep Learning Research Scientist,https://www.linkedin.com/jobs/view/3736787059/,"London, England, United Kingdom (On-site)"
,Recruitment Consultant,https://www.linkedin.com/jobs/view/3726697236/,"London, England, United Kingdom (On-site)"
,"Research Associate, Service Provider Intelligence",https://www.linkedin.com/jobs/view/3737691737/,"London, England, United Kingdom (Hybrid)"
,Project Design Engineer,https://www.linkedin.com/jobs/view/3727731154/,"Snetterton, England, United Kingdom (On-site)"
,Enterprise Sales Engineer,https://www.linkedin.com/jobs/view/3695838472/,"Reading, England, United Kingdom"
,Azure Cloud Engineer,https://www.linkedin.com/jobs/view/3729157156/,"Leeds, England, United Kingdom (Hybrid)"
,Social Value Coordinator,https://www.linkedin.com/jobs/view/3732710095/,"Liverpool, England, United Kingdom (On-site)"
,Graduate Internal Sales Engineer,https://www.linkedin.com/jobs/view/3740053072/,"Swindon, England, United Kingdom (On-site)"
,Business Sales Representative,https://www.linkedin.com/jobs/view/3738511042/,"Preston, England, United Kingdom (Hybrid)"
,Operations Specialist,https://www.linkedin.com/jobs/view/3737254153/,"Bicester, England, United Kingdom (On-site)"
,Temp Highway Improvements Coordinator,https://www.linkedin.com/jobs/view/3728455923/,"West Bridgford, England, United Kingdom (Hybrid)"
,Retailer Event Consultant,https://www.linkedin.com/jobs/view/3717678111/,"Bedfordshire, England, United Kingdom (Hybrid)"
,Snowflake Data Engineer,https://www.linkedin.com/jobs/view/3735801675/,"Manchester, England, United Kingdom (Hybrid)"
,AWS Data Engineer_ Permanent - London/Hybrid(2 Days in Office),https://www.linkedin.com/jobs/view/3735234377/,"London, England, United Kingdom (Hybrid)"
,Teamcentre PLM Developer - Contract (Inside IR35),https://www.linkedin.com/jobs/view/3729088160/,United Kingdom (Remote)
,Site Reliability Engineer,https://www.linkedin.com/jobs/view/3739105026/,"Leeds, England, United Kingdom (Hybrid)"
,SAS Developer,https://www.linkedin.com/jobs/view/3736156080/,United Kingdom (Remote)
,Solution Architect – Devops/Cloud - London – Outside IR35,https://www.linkedin.com/jobs/view/3738565748/,"London, England, United Kingdom (Hybrid)"
,Telebusiness Associate,https://www.linkedin.com/jobs/view/3728806426/,"England, United Kingdom (Remote)"
,1st Line IT Support Engineer,https://www.linkedin.com/jobs/view/3741524190/,"Plymouth, England, United Kingdom (Hybrid)"
,Anti Social Behaviour Officer,https://www.linkedin.com/jobs/view/3629838464/,"Oxford, England, United Kingdom (On-site)"
,Support Analyst - 2nd/3rd Line (Hybrid),https://www.linkedin.com/jobs/view/3741511468/,"Redhill, England, United Kingdom (On-site)"
,Operations Specialist,https://www.linkedin.com/jobs/view/3728895784/,"London, England, United Kingdom (On-site)"
,Operations Officer Data Management,https://www.linkedin.com/jobs/view/3732841879/,"Brighton, England, United Kingdom (Hybrid)"
,New Business Assistant,https://www.linkedin.com/jobs/view/3728303580/,"London, England, United Kingdom (Hybrid)"
,Product Support Specialist,https://www.linkedin.com/jobs/view/3735082081/,"London, England, United Kingdom (Hybrid)"
,Energy Sales Lead Generator,https://www.linkedin.com/jobs/view/3735988391/,"Leicester, England, United Kingdom (On-site)"
,Infrastructure Engineer,https://www.linkedin.com/jobs/view/3741247927/,"Manchester, England, United Kingdom (Hybrid)"
,Fullstack Engineer,https://www.linkedin.com/jobs/view/3740030706/,"London, England, United Kingdom (On-site)"
,Assistant to the Directors & Office Manager,https://www.linkedin.com/jobs/view/3738326654/,"Woking, England, United Kingdom (On-site)"
,Java Developer,https://www.linkedin.com/jobs/view/3732896789/,"London, England, United Kingdom (Hybrid)"
,Engineer - Battery Degradation Modelling,https://www.linkedin.com/jobs/view/3725939510/,"Wantage, England, United Kingdom (Hybrid)"
,Assistant Merchandiser,https://www.linkedin.com/jobs/view/3728999830/,"Redditch, England, United Kingdom (Hybrid)"
,Site Engineer (23000034),https://www.linkedin.com/jobs/view/3736881082/,"Normanton, England, United Kingdom"
,Recruitment Consultant,https://www.linkedin.com/jobs/view/3724332359/,"London, England, United Kingdom (On-site)"
,"Senior Business Development Manager – Software House, IT sales, App, Data Management",https://www.linkedin.com/jobs/view/3732891534/,"England, United Kingdom (Hybrid)"
,Azure Developer,https://www.linkedin.com/jobs/view/3723714593/,"London, England, United Kingdom (Hybrid)"
,Recruitment Consultant - January Starter,https://www.linkedin.com/jobs/view/3724308509/,"London Area, United Kingdom (On-site)"
,Operations Administration Assistant,https://www.linkedin.com/jobs/view/3736645618/,"Hertfordshire, England, United Kingdom (On-site)"
,Site Engineer (230000FI),https://www.linkedin.com/jobs/view/3736879226/,"Chichester, England, United Kingdom"
,Electronic Design Engineer,https://www.linkedin.com/jobs/view/3741208889/,"Bolton, England, United Kingdom (On-site)"
,Recruitment Consultant,https://www.linkedin.com/jobs/view/3476719238/,"London, England, United Kingdom (On-site)"
,Software Engineers - Kotlin,https://www.linkedin.com/jobs/view/3732839250/,"City of London, England, United Kingdom (Hybrid)"
,Graduate Partnership Sales Consultant,https://www.linkedin.com/jobs/view/3740839668/,"Bolton, England, United Kingdom (Hybrid)"
,Vehicle Energy Management 1D (Project Engineer),https://www.linkedin.com/jobs/view/3721084515/,"Coventry, England, United Kingdom (On-site)"
,Recruitment Consultant,https://www.linkedin.com/jobs/view/3436502256/,"London, England, United Kingdom (On-site)"
,Senior Software Engineer,https://www.linkedin.com/jobs/view/3724251978/,"Liverpool Street, England, United Kingdom (On-site)"
,Junior PHP/SQL Web Developer,https://www.linkedin.com/jobs/view/3741793466/,"Cambridge, England, United Kingdom (Hybrid)"
,Java Developer (Start-up) - Up to £90k,https://www.linkedin.com/jobs/view/3726627613/,"London Area, United Kingdom (Hybrid)"
,Security Engineering Team Lead,https://www.linkedin.com/jobs/view/3731341881/,"Hemel Hempstead, England, United Kingdom (Hybrid)"
,Ecommerce Merchandiser,https://www.linkedin.com/jobs/view/3740022447/,"London Area, United Kingdom (On-site)"
,Commercial Property Administrator,https://www.linkedin.com/jobs/view/3737295006/,"London Area, United Kingdom (Hybrid)"
,Recruitment Consultant,https://www.linkedin.com/jobs/view/3726697236/,"London, England, United Kingdom (On-site)"
,Site Engineer (230000GN),https://www.linkedin.com/jobs/view/3736877668/,"North Lincolnshire, England, United Kingdom"
,"Senior Business Development Manager – Software House, IT sales, App, Data Management",https://www.linkedin.com/jobs/view/3732891534/,"England, United Kingdom (Hybrid)"
,Recruitment Consultant,https://www.linkedin.com/jobs/view/3724332359/,"London, England, United Kingdom (On-site)"
,Recruitment Consultant,https://www.linkedin.com/jobs/view/3476719238/,"London, England, United Kingdom (On-site)"
,Recruitment Consultant,https://www.linkedin.com/jobs/view/3718287125/,"London, England, United Kingdom (On-site)"
,Recruitment Consultant,https://www.linkedin.com/jobs/view/3690733196/,"London, England, United Kingdom (On-site)"
,Senior Software Engineer,https://www.linkedin.com/jobs/view/3736220784/,"London, England, United Kingdom (Hybrid)"
,Security Engineering Team Lead,https://www.linkedin.com/jobs/view/3731341881/,"Hemel Hempstead, England, United Kingdom (Hybrid)"
,"Senior Business Development Manager – Software House, IT sales, App, Data Management",https://www.linkedin.com/jobs/view/3732891534/,"England, United Kingdom (Hybrid)"
,Recruitment Consultant,https://www.linkedin.com/jobs/view/3718287125/,"London, England, United Kingdom (On-site)"
,Recruitment Consultant,https://www.linkedin.com/jobs/view/3690733196/,"London, England, United Kingdom (On-site)"
,Senior Software Engineer,https://www.linkedin.com/jobs/view/3736220784/,"London, England, United Kingdom (Hybrid)"
,Senior Cloud Engineer,https://www.linkedin.com/jobs/view/3732333044/,"Cambridge, England, United Kingdom (Hybrid)"
,Senior Software Engineer,https://www.linkedin.com/jobs/view/3724251978/,"Liverpool Street, England, United Kingdom (On-site)"
,Recruitment Consultant,https://www.linkedin.com/jobs/view/3560248219/,"London, England, United Kingdom (On-site)"
,Machine Learning Engineer/Scientist - High Performance Computing,https://www.linkedin.com/jobs/view/3732140121/,"London Area, United Kingdom (On-site)"
,Software Engineer,https://www.linkedin.com/jobs/view/3740188319/,"Nottingham City, England, United Kingdom (On-site)"
,Software Engineer,https://www.linkedin.com/jobs/view/3725542400/,"Fleet, England, United Kingdom (On-site)"
,C++/ROS Robotics software developer,https://www.linkedin.com/jobs/view/3722209504/,"Farnham, England, United Kingdom (On-site)"
,Junior Software Developer,https://www.linkedin.com/jobs/view/3731392393/,"Bristol, England, United Kingdom (On-site)"
,Embedded Software/Firmware Engineer,https://www.linkedin.com/jobs/view/3727684236/,"Belfast, Northern Ireland, United Kingdom (Hybrid)"
,Full Stack Engineer,https://www.linkedin.com/jobs/view/3725344609/,"Dundee, Scotland, United Kingdom (Hybrid)"
,Machine Learning Engineer/Scientist - High Performance Computing,https://www.linkedin.com/jobs/view/3732140121/,"London Area, United Kingdom (On-site)"
,Software Engineer,https://www.linkedin.com/jobs/view/3740188319/,"Nottingham City, England, United Kingdom (On-site)"
,Python Developer,https://www.linkedin.com/jobs/view/3706692720/,"Loanhead, Scotland, United Kingdom (Hybrid)"
,Software Developer,https://www.linkedin.com/jobs/view/3703986014/,"London, England, United Kingdom (Hybrid)"
,Python Software Engineer (Financial),https://www.linkedin.com/jobs/view/3682066626/,"London, England, United Kingdom (On-site)"
,Data and Automation Engineer,https://www.linkedin.com/jobs/view/3740116771/,"London Area, United Kingdom (Hybrid)"
,Software Engineer,https://www.linkedin.com/jobs/view/3715838528/,"England, United Kingdom (Hybrid)"
,Software Engineer,https://www.linkedin.com/jobs/view/3711457043/,"Burnley, England, United Kingdom (On-site)"
,Platform Engineer,https://www.linkedin.com/jobs/view/3725417418/,"Oxfordshire, England, United Kingdom (On-site)"
,IT Systems Engineer,https://www.linkedin.com/jobs/view/3737265337/,"East Dulwich, England, United Kingdom (On-site)"
,Data Developer (FTC),https://www.linkedin.com/jobs/view/3741926198/,"London, England, United Kingdom (On-site)"
,Firmware Engineer,https://www.linkedin.com/jobs/view/3741544414/,"Worcestershire, England, United Kingdom (On-site)"
,Cloud Engineer,https://www.linkedin.com/jobs/view/3729727567/,"England, United Kingdom (Remote)"
,Software Developer,https://www.linkedin.com/jobs/view/3727202408/,"East Sussex, England, United Kingdom"
,AWS Data Engineer,https://www.linkedin.com/jobs/view/3725239851/,"London, England, United Kingdom (Remote)"
,Python Developer,https://www.linkedin.com/jobs/view/3721410127/,"London, England, United Kingdom (Hybrid)"
,Software Engineer - Cambridge,https://www.linkedin.com/jobs/view/3741130170/,"Cambridge, England, United Kingdom (Hybrid)"
,Scientific Software Engineer,https://www.linkedin.com/jobs/view/3731343313/,"Oxford, England, United Kingdom"
,Data Engineer,https://www.linkedin.com/jobs/view/3737975142/,"Newcastle upon Tyne, England, United Kingdom (On-site)"
,Software Engineer -Bioinformatics (FTC 18 months),https://www.linkedin.com/jobs/view/3722494567/,"Great Chesterford, England, United Kingdom (On-site)"
,System Engineer,https://www.linkedin.com/jobs/view/3717139620/,"Bristol, England, United Kingdom (Hybrid)"
,Software Engineer,https://www.linkedin.com/jobs/view/3729506920/,"Belfast, Northern Ireland, United Kingdom (On-site)"
,Analytics Engineer,https://www.linkedin.com/jobs/view/3741923887/,"London, England, United Kingdom (On-site)"
,Python Engineer - Hybrid Working,https://www.linkedin.com/jobs/view/3736375714/,"London, England, United Kingdom (Hybrid)"
,Graduate Software Development Engineer,https://www.linkedin.com/jobs/view/3736778750/,"Belfast, Northern Ireland, United Kingdom (Hybrid)"
,Machine Learning Engineer/Scientist - Generative AI,https://www.linkedin.com/jobs/view/3732143691/,"London Area, United Kingdom (On-site)"
,Platform Engineer,https://www.linkedin.com/jobs/view/3727521537/,"Oxfordshire, England, United Kingdom (On-site)"
,AI Software Developer,https://www.linkedin.com/jobs/view/3728436600/,"Bracknell, England, United Kingdom (Hybrid)"
,MarTech Data Engineer,https://www.linkedin.com/jobs/view/3741507502/,"Manchester, England, United Kingdom"
,Data Developer,https://www.linkedin.com/jobs/view/3741065847/,"London, England, United Kingdom"
,System Engineer,https://www.linkedin.com/jobs/view/3717155178/,"Farnborough, England, United Kingdom (Hybrid)"
,Junior Software Engineer,https://www.linkedin.com/jobs/view/3681407725/,"Cambridge, England, United Kingdom (Hybrid)"
,Platform Engineer,https://www.linkedin.com/jobs/view/3731606932/,"London, England, United Kingdom (On-site)"
,Geographic Information System Developer,https://www.linkedin.com/jobs/view/3741217316/,"London Area, United Kingdom (Hybrid)"
,Data Engineer,https://www.linkedin.com/jobs/view/3734381078/,"Twickenham, England, United Kingdom (On-site)"
,Infrastructure Engineer,https://www.linkedin.com/jobs/view/3727867869/,"Barnsley, England, United Kingdom (On-site)"
,"Software Engineer, UK",https://www.linkedin.com/jobs/view/3667122823/,"Aberdeen, Scotland, United Kingdom (On-site)"
,Research Computing Systems Engineer,https://www.linkedin.com/jobs/view/3738803655/,"Hampshire, England, United Kingdom (Hybrid)"
,Graduate Java Developer,https://www.linkedin.com/jobs/view/3723216946/,"Manchester Area, United Kingdom (On-site)"
,Embedded Software/Firmware Engineer,https://www.linkedin.com/jobs/view/3727684236/,"Belfast, Northern Ireland, United Kingdom (Hybrid)"
,Software Engineer,https://www.linkedin.com/jobs/view/3729382102/,"Fleet, England, United Kingdom (On-site)"
,DevOps Engineer,https://www.linkedin.com/jobs/view/3733462474/,"West Berkshire, England, United Kingdom (On-site)"
,DevOps Engineer,https://www.linkedin.com/jobs/view/3726676213/,"West Berkshire, England, United Kingdom (On-site)"
,Analytics Engineer,https://www.linkedin.com/jobs/view/3736770815/,"Manchester, England, United Kingdom (On-site)"
,Infrastructure Engineer,https://www.linkedin.com/jobs/view/3740806603/,"Warrington, England, United Kingdom (On-site)"
,Full Stack Developer,https://www.linkedin.com/jobs/view/3738511901/,"Hereford, England, United Kingdom (Hybrid)"
,Java Developer,https://www.linkedin.com/jobs/view/3733468344/,"Birmingham, England, United Kingdom (On-site)"
,Backend Engineer (Go),https://www.linkedin.com/jobs/view/3734683515/,"England, United Kingdom"
,Full Stack Engineer - Direct Hire,https://www.linkedin.com/jobs/view/3739604987/,"Belfast, Northern Ireland, United Kingdom"
,"Embedded Software Engineer (Milton Keynes, UK)",https://www.linkedin.com/jobs/view/3660990736/,"Milton Keynes, England, United Kingdom (On-site)"
,DevOps Engineer - AWS,https://www.linkedin.com/jobs/view/3366733084/,"Exeter, England, United Kingdom (Hybrid)"
,Full Stack Engineer - Direct Hire,https://www.linkedin.com/jobs/view/3739610190/,"Leeds, England, United Kingdom"
,Platform Engineer - AWS,https://www.linkedin.com/jobs/view/3366729539/,"Exeter, England, United Kingdom (Hybrid)"
,C++ Software Developer,https://www.linkedin.com/jobs/view/3596458017/,"Bristol, England, United Kingdom"
,C++ Software Developer,https://www.linkedin.com/jobs/view/3681003046/,"Bristol, England, United Kingdom"
,Infrastructure Engineer,https://www.linkedin.com/jobs/view/3728431465/,"Poole, England, United Kingdom (Hybrid)"
,Salesforce Developer,https://www.linkedin.com/jobs/view/3735093590/,"Cardiff, Wales, United Kingdom (Hybrid)"
,Salesforce Developer,https://www.linkedin.com/jobs/view/3735089988/,"Bath, England, United Kingdom (Hybrid)"
,Full Stack Developer,https://www.linkedin.com/jobs/view/3737366850/,"West Midlands, England, United Kingdom"
,Java Developer,https://www.linkedin.com/jobs/view/3732155535/,"City of London, England, United Kingdom (Hybrid)"
,Platform Engineer - Azure,https://www.linkedin.com/jobs/view/3366729692/,"Exeter, England, United Kingdom (Hybrid)"
,DevOps Engineer - Azure,https://www.linkedin.com/jobs/view/3366732349/,"Exeter, England, United Kingdom (Hybrid)"
,Java Algo Developer - FX Trading,https://www.linkedin.com/jobs/view/3725794489/,"London, England, United Kingdom (On-site)"
,Java Developer,https://www.linkedin.com/jobs/view/3732896789/,"London, England, United Kingdom (Hybrid)"
,Java Developer (Start-up) - Up to £90k,https://www.linkedin.com/jobs/view/3726627613/,"London Area, United Kingdom (Hybrid)"
,Software Engineers - Kotlin,https://www.linkedin.com/jobs/view/3732839250/,"City of London, England, United Kingdom (Hybrid)"
,Java Developer (Start-Up),https://www.linkedin.com/jobs/view/3726629380/,"London Area, United Kingdom (Hybrid)"
,Senior Cloud Engineer,https://www.linkedin.com/jobs/view/3732333044/,"Cambridge, England, United Kingdom (Hybrid)"
,Solution Engineer -French Speaking,https://www.linkedin.com/jobs/view/3713571752/,"London Area, United Kingdom (Hybrid)"
,Java Developer,https://www.linkedin.com/jobs/view/3740805349/,"Vauxhall, England, United Kingdom (Hybrid)"
,PHP Developer,https://www.linkedin.com/jobs/view/3739868122/,"Bordon, England, United Kingdom (Remote)"
,Senior Software Engineer,https://www.linkedin.com/jobs/view/3729711427/,"Cambridge, England, United Kingdom (Hybrid)"
,Java C# Developer,https://www.linkedin.com/jobs/view/3738362080/,"London, England, United Kingdom (Hybrid)"
,Chinese Speaking Embedded Software Engineer,https://www.linkedin.com/jobs/view/3737372358/,"London, England, United Kingdom (On-site)"
,Java Developer- Space Tech,https://www.linkedin.com/jobs/view/3727031678/,United Kingdom (Remote)
,Platform Support Engineer,https://www.linkedin.com/jobs/view/3727955942/,"Theale, England, United Kingdom (On-site)"
,Software Developer Full Stack C# .Net JavaScript,https://www.linkedin.com/jobs/view/3741729660/,"Chester, England, United Kingdom (Hybrid)"
,2nd Line Infrastructure Engineer,https://www.linkedin.com/jobs/view/3726671769/,"Cambridge, England, United Kingdom (Hybrid)"
,Java Developer- Payments,https://www.linkedin.com/jobs/view/3727018362/,"London, England, United Kingdom (On-site)"
,Senior Software Engineer,https://www.linkedin.com/jobs/view/3736220784/,"London, England, United Kingdom (Hybrid)"
,Senior Infrastructure Engineer - Liverpool - 55K,https://www.linkedin.com/jobs/view/3727015395/,"Liverpool, England, United Kingdom (On-site)"
,Machine Learning Engineer/Scientist - High Performance Computing,https://www.linkedin.com/jobs/view/3732140121/,"London Area, United Kingdom (On-site)"
,Software Engineer,https://www.linkedin.com/jobs/view/3740188319/,"Nottingham City, England, United Kingdom (On-site)"
,Python Developer,https://www.linkedin.com/jobs/view/3706692720/,"Loanhead, Scotland, United Kingdom (Hybrid)"
,Data and Automation Engineer,https://www.linkedin.com/jobs/view/3740116771/,"London Area, United Kingdom (Hybrid)"
,"Graduate Software Engineer - Up to £75,000 + Bonus + Package",https://www.linkedin.com/jobs/view/3740831086/,"London Area, United Kingdom (Hybrid)"
,IT Systems Engineer,https://www.linkedin.com/jobs/view/3737265337/,"East Dulwich, England, United Kingdom (On-site)"
,Platform Engineer,https://www.linkedin.com/jobs/view/3727521537/,"Oxfordshire, England, United Kingdom (On-site)"
,Machine Learning Engineer/Scientist - Generative AI,https://www.linkedin.com/jobs/view/3732143691/,"London Area, United Kingdom (On-site)"
,Platform Engineer,https://www.linkedin.com/jobs/view/3725417418/,"Oxfordshire, England, United Kingdom (On-site)"
,AI Software Developer,https://www.linkedin.com/jobs/view/3728436600/,"Bracknell, England, United Kingdom (Hybrid)"
,System Engineer,https://www.linkedin.com/jobs/view/3717155178/,"Farnborough, England, United Kingdom (Hybrid)"
,Software Engineer - Cambridge,https://www.linkedin.com/jobs/view/3741130170/,"Cambridge, England, United Kingdom (Hybrid)"
,Junior to Mid level Embedded Software engineer,https://www.linkedin.com/jobs/view/3740800086/,"Clevedon, England, United Kingdom (On-site)"
,Data Engineer,https://www.linkedin.com/jobs/view/3730259074/,"Manchester, England, United Kingdom (Hybrid)"
,DevOps Engineer,https://www.linkedin.com/jobs/view/3733462474/,"West Berkshire, England, United Kingdom (On-site)"
,Geographic Information System Developer,https://www.linkedin.com/jobs/view/3741217316/,"London Area, United Kingdom (Hybrid)"
,Software Developer,https://www.linkedin.com/jobs/view/3727202408/,"East Sussex, England, United Kingdom"
,Graduate Java Developer,https://www.linkedin.com/jobs/view/3723216946/,"Manchester Area, United Kingdom (On-site)"
,Data Recovery Engineer / Firmware Researcher,https://www.linkedin.com/jobs/view/3737483656/,"Sheffield, England, United Kingdom (On-site)"
,Systems Engineer (Rail),https://www.linkedin.com/jobs/view/3695811036/,"Birmingham, England, United Kingdom (Hybrid)"
,Go Engineer,https://www.linkedin.com/jobs/view/3728965495/,"London, England, United Kingdom (Remote)"
,A.I. Programmer (multiple roles),https://www.linkedin.com/jobs/view/3590310866/,"Portsmouth, England, United Kingdom (On-site)"
,Data Engineer,https://www.linkedin.com/jobs/view/3741504018/,"West Midlands, England, United Kingdom (Remote)"
,Software Engineer [Java / Kotlin],https://www.linkedin.com/jobs/view/3733170769/,"London, England, United Kingdom (Hybrid)"
,"Junior Developer - Python, Django",https://www.linkedin.com/jobs/view/3735653755/,"London, England, United Kingdom (Hybrid)"
,Platform Engineer,https://www.linkedin.com/jobs/view/3731612275/,"London, England, United Kingdom (On-site)"
,Software Developer,https://www.linkedin.com/jobs/view/3738174072/,"East Sussex, England, United Kingdom"
,Data Analytics Engineer,https://www.linkedin.com/jobs/view/3726620404/,"Coventry, England, United Kingdom (On-site)"
,Python Engineer - AI Startup,https://www.linkedin.com/jobs/view/3737355967/,"London, England, United Kingdom (Hybrid)"
,Junior Software Engineer,https://www.linkedin.com/jobs/view/3681407725/,"Cambridge, England, United Kingdom (Hybrid)"
,"Python Developer - Up to £120,000 P/A + Bonus - London",https://www.linkedin.com/jobs/view/3734557162/,"London, England, United Kingdom (Hybrid)"
,Graduate Software Engineer,https://www.linkedin.com/jobs/view/3726200107/,United Kingdom (Remote)
,Software Engineer [Java / Kotlin],https://www.linkedin.com/jobs/view/3733170769/,"London, England, United Kingdom (Hybrid)"
,Graduate Software Engineer,https://www.linkedin.com/jobs/view/3419049345/,"London, England, United Kingdom (Hybrid)"
,Full Stack Engineer - Direct Hire,https://www.linkedin.com/jobs/view/3739604987/,"Belfast, Northern Ireland, United Kingdom"
,Full Stack Engineer - Direct Hire,https://www.linkedin.com/jobs/view/3739610190/,"Leeds, England, United Kingdom"
,Analytics Engineer,https://www.linkedin.com/jobs/view/3736770815/,"Manchester, England, United Kingdom (On-site)"
,Software Developer,https://www.linkedin.com/jobs/view/3733048522/,"Fleet, England, United Kingdom (On-site)"
,Data Engineer,https://www.linkedin.com/jobs/view/3735945691/,"London, England, United Kingdom (On-site)"
,Requirements Management & Configuration Deployment Engineer,https://www.linkedin.com/jobs/view/3735677145/,"Warwick, England, United Kingdom (Hybrid)"
,Systems Engineer,https://www.linkedin.com/jobs/view/3732000475/,"Bournemouth, England, United Kingdom (Hybrid)"
,Graduate-Mid-Level Java Developer,https://www.linkedin.com/jobs/view/3726631763/,"London Area, United Kingdom (Hybrid)"
,Full Stack Developer,https://www.linkedin.com/jobs/view/3737366850/,"West Midlands, England, United Kingdom"
,Junior Embedded Software Engineer,https://www.linkedin.com/jobs/view/3732146662/,"Southampton, England, United Kingdom (On-site)"
,Cloud Data Engineer,https://www.linkedin.com/jobs/view/3724746980/,"London, England, United Kingdom (Hybrid)"
,Java Developer,https://www.linkedin.com/jobs/view/3727524067/,"City of London, England, United Kingdom (On-site)"
,Site Reliability Engineer,https://www.linkedin.com/jobs/view/3739105026/,"Leeds, England, United Kingdom (Hybrid)"
,Contract Software Developer,https://www.linkedin.com/jobs/view/3735933794/,"East Sussex, England, United Kingdom (Remote)"
,Infrastructure Engineer,https://www.linkedin.com/jobs/view/3741247927/,"Manchester, England, United Kingdom (Hybrid)"
,AWS Data Engineer,https://www.linkedin.com/jobs/view/3725239851/,"London, England, United Kingdom (Remote)"
,Data Engineer,https://www.linkedin.com/jobs/view/3735407228/,"Newcastle upon Tyne, England, United Kingdom (Hybrid)"
,Data Engineer (DBT),https://www.linkedin.com/jobs/view/3736534087/,"London, England, United Kingdom"
,Data Engineer,https://www.linkedin.com/jobs/view/3737975142/,"Newcastle upon Tyne, England, United Kingdom (On-site)"
,Analytics Engineer,https://www.linkedin.com/jobs/view/3741923887/,"London, England, United Kingdom (On-site)"
,Data Engineer - SQL,https://www.linkedin.com/jobs/view/3737361149/,"London, England, United Kingdom (Hybrid)"
,Data Engineer,https://www.linkedin.com/jobs/view/3731880365/,"London, England, United Kingdom (On-site)"
,Data Engineer (DBT),https://www.linkedin.com/jobs/view/3736765374/,"London, England, United Kingdom"
,GCP DevOps Engineer,https://www.linkedin.com/jobs/view/3727680367/,"London, England, United Kingdom (Hybrid)"
,Go Engineer,https://www.linkedin.com/jobs/view/3725230549/,"London, England, United Kingdom (Remote)"
,GCP DevOps Engineer,https://www.linkedin.com/jobs/view/3727680367/,"London, England, United Kingdom (Hybrid)"
,Trainee CLOUD ENGINEER,https://www.linkedin.com/jobs/view/3741964112/,"England, United Kingdom (On-site)"
,Data Engineer (Questionnaire),https://www.linkedin.com/jobs/view/3738522803/,"London, England, United Kingdom (Hybrid)"
,Go Engineer,https://www.linkedin.com/jobs/view/3725230549/,"London, England, United Kingdom (Remote)"
,System Engineer,https://www.linkedin.com/jobs/view/3717157601/,"Farnborough, England, United Kingdom (Remote)"
,DevOps Engineer,https://www.linkedin.com/jobs/view/3735132380/,"London, England, United Kingdom (Remote)"
,"Solutions Engineer, UK/I",https://www.linkedin.com/jobs/view/3734126188/,United Kingdom (Remote)
,PHP Developer,https://www.linkedin.com/jobs/view/3738587041/,"Bournemouth, England, United Kingdom (On-site)"
,C++ Software Developer,https://www.linkedin.com/jobs/view/3596458017/,"Bristol, England, United Kingdom"
,Back End & API Developer,https://www.linkedin.com/jobs/view/3733188168/,"Reading, England, United Kingdom (Hybrid)"
,Platform Engineer - Azure,https://www.linkedin.com/jobs/view/3366729692/,"Exeter, England, United Kingdom (Hybrid)"
,Java Developer,https://www.linkedin.com/jobs/view/3740805349/,"Vauxhall, England, United Kingdom (Hybrid)"
,Infrastructure Engineer,https://www.linkedin.com/jobs/view/3728431465/,"Poole, England, United Kingdom (Hybrid)"
,Platform Engineer - AWS,https://www.linkedin.com/jobs/view/3366729539/,"Exeter, England, United Kingdom (Hybrid)"
,Staff Data Engineer - Team Lead,https://www.linkedin.com/jobs/view/3727706933/,"London, England, United Kingdom (Hybrid)"
,Solution Engineer -French Speaking,https://www.linkedin.com/jobs/view/3713571752/,"London Area, United Kingdom (Hybrid)"
,Front End Developer,https://www.linkedin.com/jobs/view/3832700205/,"Chichester, England, United Kingdom (Hybrid)"
,Software Engineer (Matlab/Simulink),https://www.linkedin.com/jobs/view/3823496630/,"Lutterworth, England, United Kingdom (Hybrid)"
,Embedded Software Engineer,https://www.linkedin.com/jobs/view/3817543079/,"Birmingham, England, United Kingdom (On-site)"
,Software Developer Prolog,https://www.linkedin.com/jobs/view/3803769809/,"Fareham, England, United Kingdom (On-site)"
,Craft CMS Developer,https://www.linkedin.com/jobs/view/3792146961/,"Nottingham, England, United Kingdom (Hybrid)"
,Embedded Engineer,https://www.linkedin.com/jobs/view/3825262281/,"Puttenham, England, United Kingdom (On-site)"
,Web Developer,https://www.linkedin.com/jobs/view/3817042672/,"Cardiff, Wales, United Kingdom (Hybrid)"
,Delivery Recruitment - Quant Research & Trading - Milton Keynes,https://www.linkedin.com/jobs/view/3779690834/,"Milton Keynes, England, United Kingdom (On-site)"
,Data Analyst,https://www.linkedin.com/jobs/view/3814720208/,"Greater London, England, United Kingdom (On-site)"
,Data Analyst ,https://www.linkedin.com/jobs/view/3842355068/,"Burton Upon Trent, England, United Kingdom (On-site)"
,Finance Data Analyst ,https://www.linkedin.com/jobs/view/3849128638/,"Shirebrook, England, United Kingdom (On-site)"
,HR Data Insights Analyst,https://www.linkedin.com/jobs/view/3836311057/,"Birmingham, England, United Kingdom (Hybrid)"
,Business Insight Analyst ,https://www.linkedin.com/jobs/view/3847173500/,"Stafford, England, United Kingdom (Hybrid)"
,Data Analyst,https://www.linkedin.com/jobs/view/3846167575/,"Greater London, England, United Kingdom (On-site)"
,Data Analyst,https://www.linkedin.com/jobs/view/3843004600/,"Rossendale, England, United Kingdom (On-site)"
,Data Analyst,https://www.linkedin.com/jobs/view/3728931184/,"Greater London, England, United Kingdom (Hybrid)"
,Insurance Data Analyst,https://www.linkedin.com/jobs/view/3836444688/,"London, England, United Kingdom (On-site)"
,Business Insight Analyst ,https://www.linkedin.com/jobs/view/3843954776/,"West Midlands, England, United Kingdom (On-site)"
,Customer Data Analyst ,https://www.linkedin.com/jobs/view/3847146816/,"London, England, United Kingdom (Hybrid)"
,Customer Data Analyst ,https://www.linkedin.com/jobs/view/3844034023/,"London, England, United Kingdom (Hybrid)"
,Insights Analyst ,https://www.linkedin.com/jobs/view/3847160922/,"Greater London, England, United Kingdom (Hybrid)"
,Commercial and Data Analyst ,https://www.linkedin.com/jobs/view/3850369150/,"Farnham, England, United Kingdom (Hybrid)"
,Quant Analytics,https://www.linkedin.com/jobs/view/3811053535/,"Greater London, England, United Kingdom (On-site)"
,Support Analyst - Commodities Data ,https://www.linkedin.com/jobs/view/3830469866/,"Greater London, England, United Kingdom (Hybrid)"
,Desk Quant Analyst (Hybrid),https://www.linkedin.com/jobs/view/3851532612/,"London Area, United Kingdom (Hybrid)"
,Customer Data Analyst ,https://www.linkedin.com/jobs/view/3851335120/,"London, England, United Kingdom (Hybrid)"
,Data Analyst (ex Facebook and Google),https://www.linkedin.com/jobs/view/3840149710/,"Greater London, England, United Kingdom (Hybrid)"
,Data Analyst,https://www.linkedin.com/jobs/view/3831289196/,"Greater London, England, United Kingdom (On-site)"
,Graduate Data Analyst,https://www.linkedin.com/jobs/view/3900688120/,"London Area, United Kingdom (On-site)"
,Product Data Analyst (Experimentation) ,https://www.linkedin.com/jobs/view/3885501364/,"London, England, United Kingdom (Hybrid)"
,"Data Analyst, In-Stock Management ",https://www.linkedin.com/jobs/view/3900814634/,"London, England, United Kingdom (Hybrid)"
,Data Analyst (Ecommerce),https://www.linkedin.com/jobs/view/3834477552/,"London, England, United Kingdom (Hybrid)"
,Quantitative Analyst,https://www.linkedin.com/jobs/view/3900398381/,"Greater London, England, United Kingdom (On-site)"
,BI Analyst (Tableau),https://www.linkedin.com/jobs/view/3887697482/,"Royal Sutton Coldfield, England, United Kingdom (Hybrid)"
,Digital Insight Analyst ,https://www.linkedin.com/jobs/view/3834465065/,"London, England, United Kingdom (Hybrid)"
,"Software Engineer 
Software Engineer with verification",https://www.linkedin.com/jobs/view/3915318156/,"Doncaster, England, United Kingdom (Hybrid)"
,"Senior ML Compiler Engineer
Senior ML Compiler Engineer",https://www.linkedin.com/jobs/view/3889772514/,"London Area, United Kingdom (Hybrid)"
,"Photocopier engineer
Photocopier engineer",https://www.linkedin.com/jobs/view/3879674397/,"Bolton, England, United Kingdom (Remote)"
,"Data Engineer 
Data Engineer with verification",https://www.linkedin.com/jobs/view/3908877624/,"London, England, United Kingdom (Hybrid)"
,"Data Engineer
Data Engineer",https://www.linkedin.com/jobs/view/3916253804/,"London, England, United Kingdom (Hybrid)"
,"Data Engineer 
Data Engineer with verification",https://www.linkedin.com/jobs/view/3909799679/,"Walsall, England, United Kingdom (Hybrid)"
,"Data Engineer
Data Engineer",https://www.linkedin.com/jobs/view/3920349448/,"Greater London, England, United Kingdom (Hybrid)"
,"Senior AI Research Scientist
Senior AI Research Scientist",https://www.linkedin.com/jobs/view/3901669365/,"Greater London, England, United Kingdom (Hybrid)"
,"Data Engineer
Data Engineer",https://www.linkedin.com/jobs/view/3916575048/,"London Area, United Kingdom (On-site)"
,"Python Developer 
Python Developer with verification",https://www.linkedin.com/jobs/view/3919300977/,"London Area, United Kingdom (Hybrid)"
,"Software Developer
Software Developer",https://www.linkedin.com/jobs/view/3903948830/,"Wigan, England, United Kingdom (Hybrid)"
,"Python Developer 
Python Developer with verification",https://www.linkedin.com/jobs/view/3916079986/,"London Area, United Kingdom (On-site)"
,"Data Engineer
Data Engineer",https://www.linkedin.com/jobs/view/3905884401/,"Manchester Area, United Kingdom (On-site)"
,"Data Engineer 
Data Engineer with verification",https://www.linkedin.com/jobs/view/3901316671/,"London Area, United Kingdom (Hybrid)"
,"Junior Research Scientist
Junior Research Scientist",https://www.linkedin.com/jobs/view/3917067999/,"Greater London, England, United Kingdom (Hybrid)"
,"Software Engineer
Software Engineer",https://www.linkedin.com/jobs/view/3915044817/,"London Area, United Kingdom (On-site)"
,"Software Engineer
Software Engineer",https://www.linkedin.com/jobs/view/3914461503/,"London Area, United Kingdom (Hybrid)"
,"Data Engineer
Data Engineer",https://www.linkedin.com/jobs/view/3912922416/,"Runcorn, England, United Kingdom (On-site)"
,"Data Scientist
Data Scientist",https://www.linkedin.com/jobs/view/3791871617/,"Stirling, Scotland, United Kingdom (Hybrid)"
,"Backend Engineer (Python)
Backend Engineer (Python)",https://www.linkedin.com/jobs/view/3922787629/,"London, England, United Kingdom (On-site)"
,"Software Engineer
Software Engineer",https://www.linkedin.com/jobs/view/3913079254/,"London Area, United Kingdom (Hybrid)"
,"Data Engineer
Data Engineer",https://www.linkedin.com/jobs/view/3921001858/,"Wimborne Minster, England, United Kingdom (Hybrid)"
,"Data Engineer
Data Engineer",https://www.linkedin.com/jobs/view/3923289805/,"Greater London, England, United Kingdom (Hybrid)"
,"Analyst
Analyst",https://www.linkedin.com/jobs/view/3911763571/,"Oxfordshire, England, United Kingdom (On-site)"
,"Data Engineer
Data Engineer",https://www.linkedin.com/jobs/view/3913135754/,"West Midlands, England, United Kingdom (Hybrid)"
,"Expression of Interest - Software Engineer Intern
Expression of Interest - Software Engineer Intern",https://www.linkedin.com/jobs/view/3913977783/,United Kingdom (Remote)
,"Expression of Interest - Software Engineer Intern
Expression of Interest - Software Engineer Intern",https://www.linkedin.com/jobs/view/3913977783/,United Kingdom (Remote)
,"Data Engineer
Data Engineer",https://www.linkedin.com/jobs/view/3913561835/,"Leeds, England, United Kingdom (Hybrid)"
,"Software Engineer
Software Engineer",https://www.linkedin.com/jobs/view/3893255061/,"Cambridge, England, United Kingdom (Hybrid)"
,"Full Stack Developer
Full Stack Developer",https://www.linkedin.com/jobs/view/3908492785/,"Helston, England, United Kingdom (Hybrid)"
,"Full Stack Developer
Full Stack Developer",https://www.linkedin.com/jobs/view/3917114884/,"Norwich, England, United Kingdom (On-site)"
,"Software Engineer
Software Engineer",https://www.linkedin.com/jobs/view/3918506086/,"Manchester Area, United Kingdom (Hybrid)"
,"Full Stack Software Developer
Full Stack Software Developer",https://www.linkedin.com/jobs/view/3912927381/,"Warwickshire, England, United Kingdom (Hybrid)"
,"Full Stack Engineer
Full Stack Engineer",https://www.linkedin.com/jobs/view/3901108502/,"Greater Manchester, England, United Kingdom (Hybrid)"
,"Software Engineer
Software Engineer",https://www.linkedin.com/jobs/view/3917575027/,"Manchester Area, United Kingdom (On-site)"
,"Software Engineer
Software Engineer",https://www.linkedin.com/jobs/view/3899064662/,"Cambridge, England, United Kingdom (Hybrid)"
,"Full Stack Engineer
Full Stack Engineer",https://www.linkedin.com/jobs/view/3902527599/,"Greater London, England, United Kingdom (On-site)"
,"Software Developer
Software Developer",https://www.linkedin.com/jobs/view/3856651739/,Greater Preston Area (Hybrid)
,"Full-Stack Developer
Full-Stack Developer",https://www.linkedin.com/jobs/view/3915328671/,"Stockport, England, United Kingdom (On-site)"
,"Full Stack Software Engineer
Full Stack Software Engineer",https://www.linkedin.com/jobs/view/3888079379/,"Stoke-On-Trent, England, United Kingdom (Hybrid)"
,"Full Stack Engineer
Full Stack Engineer",https://www.linkedin.com/jobs/view/3884714290/,"London Area, United Kingdom (On-site)"
,"Software Engineer
Software Engineer",https://www.linkedin.com/jobs/view/3917575027/,"Manchester Area, United Kingdom (On-site)"
,"Software Developer
Software Developer",https://www.linkedin.com/jobs/view/3904632568/,"Telford, England, United Kingdom (Hybrid)"
,"Junior Website Developer
Junior Website Developer",https://www.linkedin.com/jobs/view/3916855778/,"Bourne End, England, United Kingdom (Hybrid)"
,"Software Engineer
Software Engineer",https://www.linkedin.com/jobs/view/3904506375/,"London Area, United Kingdom (On-site)"
,"Back End Developer
Back End Developer",https://www.linkedin.com/jobs/view/3909799386/,"England, United Kingdom (On-site)"
,"Full Stack Engineer
Full Stack Engineer",https://www.linkedin.com/jobs/view/3916860183/,"Greater London, England, United Kingdom (Remote)"
,"Full stack developer
Full stack developer",https://www.linkedin.com/jobs/view/3913290641/,"Greater London, England, United Kingdom (Hybrid)"
,"Software Engineer
Software Engineer",https://www.linkedin.com/jobs/view/3918506086/,"Manchester Area, United Kingdom (Hybrid)"
,"Software Engineer
Software Engineer",https://www.linkedin.com/jobs/view/3913816892/,"Wales, United Kingdom (On-site)"
,"Full Stack Engineer
Full Stack Engineer",https://www.linkedin.com/jobs/view/3905846501/,"Manchester Area, United Kingdom (Hybrid)"
,"Full Stack Developer
Full Stack Developer",https://www.linkedin.com/jobs/view/3913137561/,"London Area, United Kingdom (Hybrid)"
,"Software Engineer
Software Engineer",https://www.linkedin.com/jobs/view/3893255061/,"Cambridge, England, United Kingdom (Hybrid)"
,"Software Engineer
Software Engineer",https://www.linkedin.com/jobs/view/3914413781/,"Winsford, England, United Kingdom (Hybrid)"
,"Software Engineer
Software Engineer",https://www.linkedin.com/jobs/view/3913659963/,"Manchester Area, United Kingdom (Hybrid)"
,"Software Engineer
Software Engineer",https://www.linkedin.com/jobs/view/3915044817/,"London Area, United Kingdom (On-site)"
,"Software Design Engineer
Software Design Engineer",https://www.linkedin.com/jobs/view/3914235493/,"Swindon, England, United Kingdom (On-site)"
,"Full Stack Engineer
Full Stack Engineer",https://www.linkedin.com/jobs/view/3904502892/,"City Of Bristol, England, United Kingdom (Hybrid)"
,"Full Stack Developer
Full Stack Developer",https://www.linkedin.com/jobs/view/3911809712/,"London Area, United Kingdom (Hybrid)"
,"Data Engineer
Data Engineer",https://www.linkedin.com/jobs/view/3916083564/,"London Area, United Kingdom (On-site)"
,"Software Engineer
Software Engineer",https://www.linkedin.com/jobs/view/3913079254/,"London Area, United Kingdom (Hybrid)"
,"Data Engineer
Data Engineer",https://www.linkedin.com/jobs/view/3912922416/,"Runcorn, England, United Kingdom (On-site)"
,"Frontend Developer
Frontend Developer",https://www.linkedin.com/jobs/view/3916807451/,"Milton Keynes, England, United Kingdom (Hybrid)"
,"Python Engineer - Django, RESTful, Microservices
Python Engineer - Django, RESTful, Microservices",https://www.linkedin.com/jobs/view/3919685215/,"London Area, United Kingdom (Hybrid)"
,"Full Stack Engineer
Full Stack Engineer",https://www.linkedin.com/jobs/view/3883331923/,"London Area, United Kingdom (Hybrid)"
,"Python Developer
Python Developer",https://www.linkedin.com/jobs/view/3913857158/,"London Area, United Kingdom (Hybrid)"
,"Full Stack Engineer 
Full Stack Engineer with verification",https://www.linkedin.com/jobs/view/3913130405/,"London Area, United Kingdom (Hybrid)"
,"Software Engineer
Software Engineer",https://www.linkedin.com/jobs/view/3917575027/,"Manchester Area, United Kingdom (On-site)"
,"Data Engineer
Data Engineer",https://www.linkedin.com/jobs/view/3923289805/,"Greater London, England, United Kingdom (Hybrid)"
,"Software Engineer
Software Engineer",https://www.linkedin.com/jobs/view/3922111530/,"Aberdeen, Scotland, United Kingdom (Hybrid)"
,"Software Developer
Software Developer",https://www.linkedin.com/jobs/view/3903948830/,"Wigan, England, United Kingdom (Hybrid)"
,"Data Engineer
Data Engineer",https://www.linkedin.com/jobs/view/3916575048/,"London Area, United Kingdom (On-site)"
,"Software Engineer
Software Engineer",https://www.linkedin.com/jobs/view/3902645781/,"Greater Bristol Area, United Kingdom (On-site)"
